Workbook
Name ADO: #REF!
Name codigo: [1]EMMC!$J$3:$J$2747
Name FERI: "'1.- Anexo IA-SSMS'!$Z$2:$Z$17"
Name FERI26: '[2]2.- Cronograma'!$U$4:$U$19
Name FERIADO: [1]EMMC!#REF!
Name FERIADO2026: "'1.- Anexo IA-SSMS'!$Z$2:$Z$17"
Name FERIADO26: [3]Feriado!$B$3:$B$18
Name feriados2026: '[4]Consolidado Anexo Ib SIN INST'!$AM$5:$AM$15
Name FIN: [5]MNC!$AJ$6
Name INICIO: #REF!
Name ParamValues1: [6]ParamValues!$A$1:$A$14
Name PISO01: [7]N01!$B$48:$S$1608
Name PISO04: [7]N04!$C$29:$T$331
Name PISO05: [7]N05!$B$20:$S$344
Name PISO06: [7]N06!$B$19:$S$271
Name PISO07: [7]N07!$B$23:$S$249
Name PISO2: [7]N02!$B$31:$S$1335
Name PISO3: [7]N03!$B$29:$S$1101
Name TABLA: #REF!

Sheet BD
A1: Proveedor Adjudicado | B1: (Todas)
A2: Familia | B2: (Varios elementos)
C3: {=ROUND(SUMPRODUCT((C5:C1982<>"")/COUNTIF(C5:C1982,C5:C1982&"")),0)} -> 50
A4: Piso | B4: Servicio | C4: Codigo de recinto referencial | D4: Nombre Recinto | E4: Tipo Equipo/ Mobiliario | F4: Nombre | G4: Cantidad | H4: INICIO | J4: Suma de Cantidad | L4: Piso
A5: 4 | B5: Administración y apoyo general | C5: C.3.6.1.1 | D5: OFICINA JEFE GINECOLOGÍA Y OBSTETRICIA | E5: 201008 | F5: Mesa Reuniones Tipo I | G5: 1 | H5: 46220 | J5: Tipo Equipo/ Mobiliario | K5: Nombre | L5: 1 | M5: 2 | N5: 3 | O5: 4 | P5: 5 | Q5: 6 | R5: 7 | S5: Total general
A6: 4 | B6: Administración y apoyo general | C6: C.3.6.1.1 | D6: OFICINA JEFE GINECOLOGÍA Y OBSTETRICIA | E6: 201001B | F6: Escritorio en L administrativo | G6: 1 | H6: 46220 | J6: 201002 | K6: Mesa Lateral | L6: 1 | M6: 2 | N6: 2 | O6: 6 | P6: 6 | Q6: 7 | R6: 7 | S6: 31
A7: 4 | B7: Administración y apoyo general | C7: C.3.6.1.1 | D7: OFICINA JEFE GINECOLOGÍA Y OBSTETRICIA | E7: 203016A | F7: Mueble Tipo Biblioteca M45_A | G7: 1 | H7: 46220 | J7: 201003 | K7: Mesa Párvulo Inclusión | L7: 2 | S7: 2
A8: 4 | B8: Administración y apoyo general | C8: C.3.6.1.12 | D8: MÓDULO TRABAJO SUPERVISOR | E8: 201001B | F8: Escritorio en L administrativo | G8: 1 | H8: 46220 | J8: 201004 | K8: Mesa Párvulo Tipo I | L8: 3 | M8: 4 | P8: 1 | S8: 8
A9: 4 | B9: Administración y apoyo general | C9: C.3.6.1.12 | D9: MÓDULO TRABAJO SUPERVISOR | E9: 203016A | F9: Mueble Tipo Biblioteca M45_A | G9: 1 | H9: 46220 | J9: 201005 | K9: Mesa Párvulo Tipo II | L9: 12 | S9: 12
A10: 4 | B10: Administración y apoyo general | C10: C.3.6.1.2 | D10: COORDINADOR GINECOLOGÍA Y OBSTETRICIA | E10: 201001B | F10: Escritorio en L administrativo | G10: 1 | H10: 46220 | J10: 201006 | K10: Mesa Plegable | L10: 1 | S10: 1
A11: 4 | B11: Administración y apoyo general | C11: C.3.6.1.2 | D11: COORDINADOR GINECOLOGÍA Y OBSTETRICIA | E11: 203016A | F11: Mueble Tipo Biblioteca M45_A | G11: 1 | H11: 46220 | J11: 201007 | K11: Mesa Reuniones Plegable | L11: 6 | M11: 2 | S11: 8
A12: 4 | B12: Administración y apoyo general | C12: C.3.6.1.3 | D12: SALA DE ESPERA | E12: 201002 | F12: Mesa Lateral | G12: 5 | H12: 46220 | J12: 201008 | K12: Mesa Reuniones Tipo I | L12: 19 | M12: 14 | N12: 16 | O12: 2 | P12: 2 | S12: 53
A13: 4 | B13: Administración y apoyo general | C13: C.3.6.1.31.3 | D13: COORDINADOR NEONATOLOGÍA | E13: 201001B | F13: Escritorio en L administrativo | G13: 1 | H13: 46220 | J13: 201009 | K13: Mesa Reuniones Tipo II | L13: 3 | M13: 13 | N13: 1 | S13: 17
A14: 4 | B14: Administración y apoyo general | C14: C.3.6.1.31.3 | D14: COORDINADOR NEONATOLOGÍA | E14: 203016A | F14: Mueble Tipo Biblioteca M45_A | G14: 1 | H14: 46220 | J14: 201010 | K14: Mesa Reuniones Tipo III | L14: 2 | M14: 3 | N14: 5 | P14: 1 | Q14: 1 | S14: 12
A15: 4 | B15: Administración y apoyo general | C15: C.3.6.1.41.1 | D15: ESTAR PERSONAL C/ KITCHENETTE | E15: 201011B | F15: Mesa Tipo Casino Redonda 90 cm | G15: 1 | H15: 46220 | J15: 201012 | K15: Mesa Trabajo Individual | L15: 3 | S15: 3
A16: 4 | B16: Administración y apoyo general | C16: C.3.6.1.41.2 | D16: ESTAR PERSONAL C/ KITCHENETTE | E16: 201011B | F16: Mesa Tipo Casino Redonda 90 cm | G16: 1 | H16: 46220 | J16: 202001 | K16: Atril graduable | L16: 8 | S16: 8
A17: 4 | B17: Administración y apoyo general | C17: C.3.6.1.6 | D17: SALA DE ESTAR FAMILIARES Y ENTREVISTAS | E17: 201002 | F17: Mesa Lateral | G17: 1 | H17: 46220 | J17: 202002 | K17: Caja Fuerte Tipo I | L17: 6 | M17: 1 | N17: 1 | S17: 8
A18: 4 | B18: Administración y apoyo general | C18: C.3.6.1.6 | D18: SALA DE ESTAR FAMILIARES Y ENTREVISTAS | E18: 201011B | F18: Mesa Tipo Casino Redonda 90 cm | G18: 1 | H18: 46220 | J18: 202003 | K18: Caja Fuerte Tipo II | N18: 1 | S18: 1
A19: 4 | B19: Chile Crece Contigo | C19: C.3.6.1.10 | D19: SALA TALLER CHILE CRECE CONTIGO | E19: 201008 | F19: Mesa Reuniones Tipo I | G19: 1 | H19: 46220 | J19: 202004 | K19: Cama 1 1/2 Plaza | L19: 11 | S19: 11
A20: 4 | B20: Hospitalización | C20: C.3.6.1.24 | D20: SALA DE PROCEDIMIENTOS | E20: 201001E | F20: Punto de registro clínico | G20: 1 | H20: 46220 | J20: 202005 | K20: Cama 1 Plaza | L20: 1 | S20: 1
A21: 4 | B21: Hospitalización | C21: C.3.6.1.9 | D21: OFICINA CHILE CRECE CONTIGO | E21: 201001A | F21: Escritorio simple 120x70 cm | G21: 2 | H21: 46220 | J21: 202006 | K21: Cama Apilable | L21: 28 | S21: 28
A22: 4 | B22: Hospitalización | C22: C.3.6.1.9 | D22: OFICINA CHILE CRECE CONTIGO | E22: 203016A | F22: Mueble Tipo Biblioteca M45_A | G22: 2 | H22: 46220 | J22: 202007 | K22: Carro de Carga | M22: 1 | S22: 1
A23: 4 | B23: Neonatología | C23: C.3.6.1.27 | D23: SALA EXAMENES RECIÉN NACIDO | E23: 201001E | F23: Punto de registro clínico | G23: 1 | H23: 46220 | J23: 202008 | K23: Cuna Alta | L23: 14 | S23: 14
A24: 4 | B24: Neonatología | C24: C.3.6.1.30.1 | D24: SALA DE ENTREVISTAS | E24: 201001B | F24: Escritorio en L administrativo | G24: 1 | H24: 46220 | J24: 202009 | K24: Cuna Baja | L24: 14 | S24: 14
A25: 4 | B25: Neonatología | C25: C.3.6.1.30.1 | D25: SALA DE ENTREVISTAS | E25: 203016A | F25: Mueble Tipo Biblioteca M45_A | G25: 1 | H25: 46220 | J25: 202010 | K25: Escalera Tijera | L25: 4 | M25: 1 | S25: 5
A26: 4 | B26: Neonatología | C26: C.3.6.1.31.4 | D26: LACTARIO | E26: 201001E | F26: Punto de registro clínico | G26: 1 | H26: 46220 | J26: 202012 | K26: Mueble Locker | L26: 8 | S26: 8
A27: 4 | B27: Neonatología | C27: C.3.8.2.1 | D27: ESTAR PERSONAL C/ KITCHENETTE | E27: 201011B | F27: Mesa Tipo Casino Redonda 90 cm | G27: 1 | H27: 46220 | J27: 202013 | K27: Pallet | L27: 3 | S27: 3
A28: 4 | B28: SEDILE | C28: C.5.8.1.2.1 | D28: OFICINA NUTRICIONISTA | E28: 201001A | F28: Escritorio simple 120x70 cm | G28: 1 | H28: 46220 | J28: 202014 | K28: Pódium | N28: 1 | S28: 1
A29: 4 | B29: SEDILE | C29: C.5.8.1.2.1 | D29: OFICINA NUTRICIONISTA | E29: 203016A | F29: Mueble Tipo Biblioteca M45_A | G29: 1 | H29: 46220 | J29: 203001 | K29: Adaptador de llaves | L29: 1 | S29: 1
A30: 4 | B30: SEDILE | C30: C.5.8.1.2.2 | D30: ESTAR PERSONAL C/ KITCHENETTE | E30: 201011B | F30: Mesa Tipo Casino Redonda 90 cm | G30: 1 | H30: 46220 | J30: 203002 | K30: Carro Bandejero | M30: 3 | S30: 3
A31: 5 | B31: Administración y apoyo general | C31: C.3.4.2.1 | D31: SALA DE ESPERA | E31: 201002 | F31: Mesa Lateral | G31: 3 | H31: 46220 | J31: 203003 | K31: Carro de Transporte | M31: 9 | S31: 9
A32: 5 | B32: Administración y apoyo general | C32: C.3.4.2.19 | D32: ESTAR PERSONAL C/ KITCHENETTE | E32: 201011B | F32: Mesa Tipo Casino Redonda 90 cm | G32: 1 | H32: 46220 | J32: 203004 | K32: Carro de transporte alto | L32: 1 | S32: 1
A33: 5 | B33: Administración y apoyo general | C33: C.3.4.2.4 | D33: MÓDULO TRABAJO SUPERVISOR | E33: 201001A | F33: Escritorio simple 120x70 cm | G33: 3 | H33: 46220 | J33: 203005 | K33: Carro de Transporte cajas plásticas | L33: 2 | S33: 2
A34: 5 | B34: Administración y apoyo general | C34: C.3.4.2.4 | D34: MÓDULO TRABAJO SUPERVISOR | E34: 203016A | F34: Mueble Tipo Biblioteca M45_A | G34: 3 | H34: 46220 | J34: 203006 | K34: Carro de transporte pallet | L34: 1 | S34: 1
A35: 5 | B35: Administración y apoyo general | C35: C.3.4.2.9 | D35: SALA MULTIUSO | E35: 201010 | F35: Mesa Reuniones Tipo III | G35: 1 | H35: 46220 | J35: 203007 | K35: Carro dual dos ruedas | L35: 1 | S35: 1
A36: 5 | B36: Administración y apoyo general | C36: C.3.5.1 | D36: OFICINA JEFE MQ INFANTIL | E36: 201008 | F36: Mesa Reuniones Tipo I | G36: 1 | H36: 46220 | J36: 203008 | K36: Carro metálico | L36: 2 | S36: 2
A37: 5 | B37: Administración y apoyo general | C37: C.3.5.1 | D37: OFICINA JEFE MQ INFANTIL | E37: 201001B | F37: Escritorio en L administrativo | G37: 1 | H37: 46220 | J37: 203009 | K37: Carro plataforma de carga | L37: 1 | S37: 1
A38: 5 | B38: Administración y apoyo general | C38: C.3.5.1 | D38: OFICINA JEFE MQ INFANTIL | E38: 203016A | F38: Mueble Tipo Biblioteca M45_A | G38: 1 | H38: 46220 | J38: 203011 | K38: Estación de órtesis metálica | L38: 1 | S38: 1
A39: 5 | B39: Administración y apoyo general | C39: C.3.5.10 | D39: MÓDULO TRABAJO SUPERVISOR | E39: 201001A | F39: Escritorio simple 120x70 cm | G39: 1 | H39: 46220 | J39: 203012 | K39: Juego Taca - Taca | L39: 1 | M39: 1 | S39: 2
A40: 5 | B40: Administración y apoyo general | C40: C.3.5.10 | D40: MÓDULO TRABAJO SUPERVISOR | E40: 203016A | F40: Mueble Tipo Biblioteca M45_A | G40: 1 | H40: 46220 | J40: 203013 | K40: Juego Tenis de Mesa | L40: 1 | M40: 1 | S40: 2
A41: 5 | B41: Administración y apoyo general | C41: C.3.5.30 | D41: LACTARIO | E41: 201001E | F41: Punto de registro clínico | G41: 1 | H41: 46220 | J41: 203014 | K41: Librero | L41: 4 | S41: 4
A42: 5 | B42: Administración y apoyo general | C42: C.3.5.31 | D42: ESTAR PERSONAL C/ KITCHENETTE | E42: 201011B | F42: Mesa Tipo Casino Redonda 90 cm | G42: 1 | H42: 46220 | J42: 203015 | K42: Mueble Arrimo | L42: 1 | S42: 1
A43: 5 | B43: Administración y apoyo general | C43: C.3.5.34 | D43: AULA HOSPITALARIA | E43: 201004 | F43: Mesa Párvulo Tipo I | G43: 1 | H43: 46220 | J43: 203018 | K43: Perchero | L43: 20 | S43: 20
A44: 5 | B44: Administración y apoyo general | C44: C.3.5.34 | D44: AULA HOSPITALARIA | E44: 201008 | F44: Mesa Reuniones Tipo I | G44: 1 | H44: 46220 | J44: 203019 | K44: Pizarra Acrílica | L44: 3 | M44: 1 | S44: 4
A45: 5 | B45: Administración y apoyo general | C45: C.3.5.4 | D45: SALA DE ESPERA | E45: 201002 | F45: Mesa Lateral | G45: 2 | H45: 46220 | J45: 203020 | K45: Soporte de rollo doble | N45: 2 | S45: 2
A46: 5 | B46: Administración y apoyo general | C46: C.3.5.7 | D46: SALA DE ESTAR FAMILIARES Y ENTREVISTAS | E46: 201002 | F46: Mesa Lateral | G46: 1 | H46: 46220 | J46: 203021 | K46: Velador | L46: 16 | M46: 1 | N46: 2 | Q46: 1 | S46: 20
A47: 5 | B47: Administración y apoyo general | C47: C.3.5.7 | D47: SALA DE ESTAR FAMILIARES Y ENTREVISTAS | E47: 201011B | F47: Mesa Tipo Casino Redonda 90 cm | G47: 1 | H47: 46220 | J47: 203022 | K47: Contenedor | L47: 4 | S47: 4
A48: 5 | B48: Hospitalización | C48: C.3.4.2.10 | D48: SALA DE PROCEDIMIENTOS | E48: 201001E | F48: Punto de registro clínico | G48: 1 | H48: 46220 | J48: 204001 | K48: Banca | L48: 4 | S48: 4
A49: 5 | B49: Hospitalización | C49: C.3.5.18 | D49: SALA DE PROCEDIMIENTOS | E49: 201001E | F49: Punto de registro clínico | G49: 1 | H49: 46220 | J49: 204003 | K49: Silla Adulto | L49: 18 | S49: 18
A50: 6 | B50: Administración y apoyo general | C50: C.3.2.2 | D50: OFICINA JEFE CR ATENCIÓN CERRADA | E50: 201001B | F50: Escritorio en L administrativo | G50: 1 | H50: 46237 | J50: 204004 | K50: Silla Apilable de Base Ancha | L50: 10 | S50: 10
A51: 6 | B51: Administración y apoyo general | C51: C.3.2.2 | D51: OFICINA JEFE CR ATENCIÓN CERRADA | E51: 203016A | F51: Mueble Tipo Biblioteca M45_A | G51: 1 | H51: 46237 | J51: 204005 | K51: Silla Bacinica | L51: 4 | S51: 4
A52: 6 | B52: Administración y apoyo general | C52: C.3.2.3 | D52: SECRETARIA | E52: 201001B | F52: Escritorio en L administrativo | G52: 1 | H52: 46237 | J52: 204007 | K52: Silla Lactante | L52: 18 | S52: 18
A53: 6 | B53: Administración y apoyo general | C53: C.3.2.3 | D53: SECRETARIA | E53: 203016A | F53: Mueble Tipo Biblioteca M45_A | G53: 1 | H53: 46237 | J53: 204008 | K53: Silla Nido | L53: 13 | S53: 13
A54: 6 | B54: Administración y apoyo general | C54: C.3.4.1.1 | D54: OFICINA JEFE MQ ADULTO | E54: 201001B | F54: Escritorio en L administrativo | G54: 1 | H54: 46237 | J54: 204009 | K54: Silla Párvulo | L54: 33 | M54: 15 | P54: 4 | S54: 52
A55: 6 | B55: Administración y apoyo general | C55: C.3.4.1.1 | D55: OFICINA JEFE MQ ADULTO | E55: 203016A | F55: Mueble Tipo Biblioteca M45_A | G55: 1 | H55: 46237 | J55: 204010 | K55: Silla tipo Casino | L55: 114 | M55: 300 | N55: 28 | O55: 20 | P55: 12 | Q55: 12 | R55: 12 | S55: 498
A56: 6 | B56: Administración y apoyo general | C56: C.3.4.4.1 | D56: SALA DE ESPERA | E56: 201002 | F56: Mesa Lateral | G56: 5 | H56: 46237 | J56: 204011 | K56: Silla Tipo Universitaria | M56: 8 | N56: 25 | S56: 33
A57: 6 | B57: Administración y apoyo general | C57: C.3.4.4.24.1 | D57: ESTAR PERSONAL C/ KITCHENETTE | E57: 201011B | F57: Mesa Tipo Casino Redonda 90 cm | G57: 1 | H57: 46237 | J57: 204012 | K57: Silla Visita | L57: 361 | M57: 488 | N57: 302 | O57: 42 | P57: 30 | Q57: 33 | R57: 9 | S57: 1265
A58: 6 | B58: Administración y apoyo general | C58: C.3.4.4.24.2 | D58: ESTAR PERSONAL C/ KITCHENETTE | E58: 201011B | F58: Mesa Tipo Casino Redonda 90 cm | G58: 1 | H58: 46237 | J58: 204013 | K58: Sillón 1 Cuerpo | L58: 17 | M58: 12 | O58: 2 | S58: 31
A59: 6 | B59: Administración y apoyo general | C59: C.3.4.4.4 | D59: SALA DE ESTAR FAMILIARES Y ENTREVISTAS | E59: 201002 | F59: Mesa Lateral | G59: 2 | H59: 46237 | J59: 204014 | K59: Sillón 2 Cuerpo | L59: 22 | M59: 13 | N59: 14 | O59: 13 | P59: 13 | Q59: 14 | R59: 14 | S59: 103
A60: 6 | B60: Administración y apoyo general | C60: C.3.4.4.4 | D60: SALA DE ESTAR FAMILIARES Y ENTREVISTAS | E60: 201011A | F60: Mesa Tipo Casino Circular | G60: 1 | H60: 46237 | J60: 204015 | K60: Sillón Bergere | L60: 5 | M60: 1 | N60: 14 | O60: 38 | P60: 28 | Q60: 44 | R60: 55 | S60: 185
A61: 6 | B61: Administración y apoyo general | C61: C.3.4.4.7.1 | D61: MÓDULO TRABAJO SUPERIOR | E61: 201001B | F61: Escritorio en L administrativo | G61: 1 | H61: 46237 | J61: 204016 | K61: Sillón Tipo Poltrona | M61: 2 | O61: 3 | P61: 3 | S61: 8
A62: 6 | B62: Administración y apoyo general | C62: C.3.4.4.7.1 | D62: MÓDULO TRABAJO SUPERIOR | E62: 203016A | F62: Mueble Tipo Biblioteca M45_A | G62: 1 | H62: 46237 | J62: 204017 | K62: Tarima | L62: 3 | S62: 3
A63: 6 | B63: Administración y apoyo general | C63: C.3.8.1 | D63: SALA DE REUNIONES (20 pp) | E63: 201010 | F63: Mesa Reuniones Tipo III | G63: 1 | H63: 46237 | J63: 204018 | K63: Silla Alta Cafetería | M63: 6 | S63: 6
A64: 6 | B64: Hospitalización | C64: C.3.4.4.15 | D64: SALA DE PROCEDIMIENTOS | E64: 201001E | F64: Punto de registro clínico | G64: 1 | H64: 46237 | J64: 204019 | K64: Silla de Apoyo Hora de Ingesta | L64: 5 | S64: 5
A65: 6 | B65: Hospitalización | C65: C.3.8.3.3 | D65: RESIDENCIA MÉDICA | E65: 203021 | F65: Velador | G65: 1 | H65: 46237 | J65: 204020 | K65: Silla Butaca Espera 3 Cuerpos | L65: 100 | M65: 96 | N65: 38 | Q65: 4 | S65: 238
A66: 6 | B66: Telemedicina | C66: C.3.8.4.1 | D66: SALA TELEMEDICINA | E66: 201001A | F66: Escritorio simple 120x70 cm | G66: 1 | H66: 46237 | J66: 204021 | K66: Podio Ecuménico | M66: 1 | S66: 1
A67: 6 | B67: Telemedicina | C67: C.3.8.4.2 | D67: SALA TELEMEDICINA | E67: 201001A | F67: Escritorio simple 120x70 cm | G67: 1 | H67: 46237 | J67: 204022 | K67: Banca Ecuménica | M67: 4 | S67: 4
A68: 7 | B68: Administración y apoyo general | C68: A.1.2 | D68: SALA VOLUNTARIADO | E68: 201001A | F68: Escritorio simple 120x70 cm | G68: 3 | H68: 46237 | J68: 201001A | K68: Escritorio simple 120x70 cm | L68: 37 | M68: 52 | N68: 20 | O68: 3 | P68: 4 | Q68: 2 | R68: 4 | S68: 122
A69: 7 | B69: Administración y apoyo general | C69: A.1.2 | D69: SALA VOLUNTARIADO | E69: 203016A | F69: Mueble Tipo Biblioteca M45_A | G69: 3 | H69: 46237 | J69: 201001B | K69: Escritorio en L administrativo | L69: 38 | M69: 47 | N69: 82 | O69: 5 | P69: 1 | Q69: 4 | S69: 177
A70: 7 | B70: Administración y apoyo general | C70: C.3.4.3.1 | D70: SALA DE ESPERA | E70: 201002 | F70: Mesa Lateral | G70: 5 | H70: 46237 | J70: 201001C | K70: Escritorio de Consultas | L70: 18 | M70: 40 | S70: 58
A71: 7 | B71: Administración y apoyo general | C71: C.3.4.3.24.1 | D71: ESTAR PERSONAL C/ KITCHENETTE | E71: 201011B | F71: Mesa Tipo Casino Redonda 90 cm | G71: 1 | H71: 46237 | J71: 201001D | K71: Escritorio simple 130x70 cm | M71: 4 | S71: 4
A72: 7 | B72: Administración y apoyo general | C72: C.3.4.3.24.2 | D72: ESTAR PERSONAL C/ KITCHENETTE | E72: 201011B | F72: Mesa Tipo Casino Redonda 90 cm | G72: 1 | H72: 46237 | J72: 201001E | K72: Punto de registro clínico | L72: 28 | M72: 21 | N72: 10 | O72: 3 | P72: 3 | Q72: 1 | R72: 1 | S72: 67
A73: 7 | B73: Administración y apoyo general | C73: C.3.4.3.4 | D73: SALA DE ESTAR FAMILIARES Y ENTREVISTAS | E73: 201002 | F73: Mesa Lateral | G73: 2 | H73: 46237 | J73: 201011A | K73: Mesa Tipo Casino Circular | L73: 12 | M73: 57 | N73: 2 | Q73: 1 | R73: 1 | S73: 73
A74: 7 | B74: Administración y apoyo general | C74: C.3.4.3.4 | D74: SALA DE ESTAR FAMILIARES Y ENTREVISTAS | E74: 201011A | F74: Mesa Tipo Casino Circular | G74: 1 | H74: 46237 | J74: 201011B | K74: Mesa Tipo Casino Redonda 90 cm | L74: 13 | M74: 13 | N74: 4 | O74: 5 | P74: 3 | Q74: 2 | R74: 2 | S74: 42
A75: 7 | B75: Administración y apoyo general | C75: C.3.4.3.7.1 | D75: MÓDULO TRABAJO SUPERVISOR | E75: 201001A | F75: Escritorio simple 120x70 cm | G75: 1 | H75: 46237 | J75: 203010A | K75: Colchoneta Reposo A | L75: 56 | S75: 56
A76: 7 | B76: Administración y apoyo general | C76: C.3.4.3.7.1 | D76: MÓDULO TRABAJO SUPERVISOR | E76: 203016A | F76: Mueble Tipo Biblioteca M45_A | G76: 1 | H76: 46237 | J76: 203010B | K76: Colchoneta Reposo B | L76: 4 | S76: 4
A77: 7 | B77: Hospitalización | C77: C.3.4.3.15 | D77: SALA DE PROCEDIMIENTOS | E77: 201001E | F77: Punto de registro clínico | G77: 1 | H77: 46237 | J77: 203016A | K77: Mueble Tipo Biblioteca M45_A | L77: 74 | M77: 76 | N77: 102 | O77: 8 | P77: 5 | Q77: 4 | R77: 4 | S77: 273
A78: Total general | J78: 203016B | K78: Mueble Tipo Biblioteca M45_B | M78: 16 | S78: 16
J79: 204002A | K79: Banca Madera_A | L79: 20 | M79: 1 | N79: 7 | Q79: 1 | R79: 1 | S79: 30
J80: 204002B | K80: Banca Madera_B | L80: 44 | M80: 5 | N80: 10 | S80: 59
J81: 204002C | K81: Banca Madera_C | L81: 10 | M81: 3 | N81: 6 | O81: 3 | S81: 22
J82: 204002D | K82: Banca Madera_D | L82: 2 | M82: 2 | O82: 1 | P82: 1 | S82: 6
J83: 204006A | K83: Silla Ergonómica Reforzada | L83: 17 | M83: 16 | N83: 21 | O83: 3 | P83: 1 | Q83: 1 | R83: 1 | S83: 60
J84: 204006B | K84: Taburete con Ruedas sin Respaldo | L84: 13 | M84: 6 | N84: 1 | O84: 3 | P84: 1 | S84: 24
J85: 204006C | K85: Silla Ergonómica | L85: 149 | M85: 185 | N85: 138 | O85: 24 | P85: 18 | Q85: 18 | R85: 16 | S85: 548
J86: Total general | L86: 1471 | M86: 1547 | N86: 855 | O86: 184 | P86: 137 | Q86: 150 | R86: 127 | S86: 4471

Sheet Despacho_01_20260702
B2: Piso | C2: Servicio | D2: Codigo de recinto referencial | E2: Nombre Recinto | F2: Tipo Equipo/ Mobiliario | G2: Nombre | H2: Cantidad | J2: DETALLE
B3: 1 | C3: Diálisis | D3: C.2.3.1 | E3: OFICINA JEFE DIÁLISIS | F3: 201001B | G3: Escritorio en L administrativo | H3: 1 | J3: Tipo | K3: Nombre | L3: Cantidad
B4: 1 | C4: Diálisis | D4: C.2.3.1 | E4: OFICINA JEFE DIÁLISIS | F4: 203016A | G4: Mueble Tipo Biblioteca M45_A | H4: 1 | J4: 201002 | K4: Mesa Lateral | L4: 1
B5: 1 | C5: Diálisis | D5: C.2.3.12 | E5: BOX EVALUACIÓN | F5: 201001C | G5: Escritorio de Consultas | H5: 1 | J5: 201004 | K5: Mesa Párvulo Tipo I | L5: 2
B6: 1 | C6: Diálisis | D6: C.2.3.13.1 | E6: PUESTO DIALISADOS CRÓNICOS | F6: 201001A | G6: Escritorio simple 120x70 cm | H6: 1 | J6: 201008 | K6: Mesa Reuniones Tipo I | L6: 4
B7: 1 | C7: Diálisis | D7: C.2.3.13.2 | E7: PUESTO DIALISADOS CRÓNICOS | F7: 201001A | G7: Escritorio simple 120x70 cm | H7: 1 | J7: 201010 | K7: Mesa Reuniones Tipo III | L7: 1
B8: 1 | C8: Diálisis | D8: C.2.3.13.3 | E8: PUESTO DIALISADOS CRÓNICOS | F8: 201001A | G8: Escritorio simple 120x70 cm | H8: 1 | J8: 201001A | K8: Escritorio simple 120x70 cm | L8: 6
B9: 1 | C9: Diálisis | D9: C.2.3.19 | E9: SALA POST-DIALISADOS | F9: 201008 | G9: Mesa Reuniones Tipo I | H9: 1 | J9: 201001B | K9: Escritorio en L administrativo Izquierdo | L9: 8
B10: 1 | C10: Diálisis | D10: C.2.3.2 | E10: OFICINA ENFERMERA COORDINADORA (PERITONEO) | F10: 201001A | G10: Escritorio simple 120x70 cm | H10: 1 | J10: 201001B | K10: Escritorio en L administrativo Derecho | L10: 4
B11: 1 | C11: Diálisis | D11: C.2.3.2 | E11: OFICINA ENFERMERA COORDINADORA (PERITONEO) | F11: 203016A | G11: Mueble Tipo Biblioteca M45_A | H11: 1 | J11: 201001C | K11: Escritorio de Consultas | L11: 6
B12: 1 | C12: Diálisis | D12: C.2.3.39 | E12: OFICINA COORDINADORA (HEMODIALISIS) | F12: 201001B | G12: Escritorio en L administrativo | H12: 1 | J12: 201011A | K12: Mesa Tipo Casino | L12: 6
B13: 1 | C13: Diálisis | D13: C.2.3.39 | E13: OFICINA COORDINADORA (HEMODIALISIS) | F13: 203016A | G13: Mueble Tipo Biblioteca M45_A | H13: 1 | J13: 203016A | K13: Mueble Tipo Biblioteca M45_A | L13: 11
B14: 1 | C14: Diálisis | D14: C.2.3.6 | E14: MESÓN DE RECEPCIÓN C/ARCHIVO Y FOTOCOPIADORA | F14: 203016A | G14: Mueble Tipo Biblioteca M45_A | H14: 1 | J14: TOTAL | L14: =SUM(L4:L13) -> 49
B15: 1 | C15: Med física y rehabilitación | D15: C.5.7.1 | E15: MESÓN C/ARCHIVO Y FOTOCOPIADORA | F15: 203016A | G15: Mueble Tipo Biblioteca M45_A | H15: 1
B16: 1 | C16: Med física y rehabilitación | D16: C.5.7.15 | E16: GIMNASIO PEDIATRICO | F16: 201004 | G16: Mesa Párvulo Tipo I | H16: 1
B17: 1 | C17: Med física y rehabilitación | D17: C.5.7.18 | E17: SALA DE TERAPIA GRUPAL (12 MAX) | F17: 201010 | G17: Mesa Reuniones Tipo III | H17: 1
B18: 1 | C18: Med física y rehabilitación | D18: C.5.7.18 | E18: SALA DE TERAPIA GRUPAL (12 MAX) | F18: 201001A | G18: Escritorio simple 120x70 cm | H18: 1
B19: 1 | C19: Med física y rehabilitación | D19: C.5.7.19 | E19: SALA TERÁPIA OCUP. ADULTO E INFANTIL | F19: 201008 | G19: Mesa Reuniones Tipo I | H19: 3
B20: 1 | C20: Med física y rehabilitación | D20: C.5.7.19 | E20: SALA TERÁPIA OCUP. ADULTO E INFANTIL | F20: 203016A | G20: Mueble Tipo Biblioteca M45_A | H20: 1
B21: 1 | C21: Med física y rehabilitación | D21: C.5.7.20 | E21: SALA DE ACTIVDAD DE LA VIDA DIARIA C/BAÑO DE INSTRUCCIÓN | F21: 201011A | G21: Mesa Tipo Casino Circular | H21: 1
B22: 1 | C22: Med física y rehabilitación | D22: C.5.7.21 | E22: OFICINA JEFE REHABILITACIÓN | F22: 201001B | G22: Escritorio en L administrativo | H22: 1
B23: 1 | C23: Med física y rehabilitación | D23: C.5.7.21 | E23: OFICINA JEFE REHABILITACIÓN | F23: 203016A | G23: Mueble Tipo Biblioteca M45_A | H23: 1
B24: 1 | C24: Med física y rehabilitación | D24: C.5.7.22 | E24: OFICINA JEFE COORDINADOR | F24: 201001B | G24: Escritorio en L administrativo | H24: 1
B25: 1 | C25: Med física y rehabilitación | D25: C.5.7.22 | E25: OFICINA JEFE COORDINADOR | F25: 203016A | G25: Mueble Tipo Biblioteca M45_A | H25: 1
B26: 1 | C26: Med física y rehabilitación | D26: C.5.7.23 | E26: SALA MULTIUSO | F26: 203016A | G26: Mueble Tipo Biblioteca M45_A | H26: 1
B27: 1 | C27: Med física y rehabilitación | D27: C.5.7.4.1 | E27: BOX KINESIOLOGO(1) | F27: 201001C | G27: Escritorio de Consultas | H27: 1
B28: 1 | C28: Med física y rehabilitación | D28: C.5.7.4.2 | E28: BOX PSICOLOGO / A. SOCIAL | F28: 201001C | G28: Escritorio de Consultas | H28: 1
B29: 1 | C29: Med física y rehabilitación | D29: C.5.7.4.2 | E29: BOX PSICOLOGO / A. SOCIAL | F29: 203016A | G29: Mueble Tipo Biblioteca M45_A | H29: 1
B30: 1 | C30: Med física y rehabilitación | D30: C.5.7.5.1 | E30: BOX INDIFERENCIADO (FONOAUDIO Y TERAPIA OCU)(1) | F30: 201001C | G30: Escritorio de Consultas | H30: 1
B31: 1 | C31: Med física y rehabilitación | D31: C.5.7.5.2 | E31: BOX INDIFERENCIADO (FONOAUDIO Y TERAPIA OCU)(2) | F31: 201001C | G31: Escritorio de Consultas | H31: 1
B32: 1 | C32: Med física y rehabilitación | D32: C.5.7.5.2.1 | E32: BOX FONOAUDIO PEDIATRICO | F32: 201004 | G32: Mesa Párvulo Tipo I | H32: 1
B33: 1 | C33: Med física y rehabilitación | D33: C.5.7.5.2.1 | E33: BOX FONOAUDIO PEDIATRICO | F33: 201001C | G33: Escritorio de Consultas | H33: 1
B34: 1 | C34: Morgue | D34: C.5.9.2 | E34: ESPACIO PARA DEUDOS | F34: 201002 | G34: Mesa Lateral | H34: 1
B35: 1 | C35: Morgue | D35: C.5.9.5 | E35: MESÓN RECEPCIÓN DE REGISTRO DE INFORMES | F35: 201001B | G35: Escritorio en L administrativo | H35: 1
B36: 1 | C36: Morgue | D36: C.5.9.5 | E36: MESÓN RECEPCIÓN DE REGISTRO DE INFORMES | F36: 203016A | G36: Mueble Tipo Biblioteca M45_A | H36: 1
B37: 1 | C37: Morgue | D37: C.5.9.7 | E37: VESTIDOR Y ENTREGA FAMILIARES | F37: 201001A | G37: Escritorio simple 120x70 cm | H37: 1

Sheet Despacho_02_20260722
B2: Piso | C2: Servicio | D2: Codigo de recinto referencial | E2: Nombre Recinto | F2: Tipo Equipo/ Mobiliario | G2: Nombre | H2: Cantidad
B3: 1 | C3: Abastecimiento | D3: D.3.3.3.1 | E3: COORDINADOR BODEGA | F3: 201001B | G3: Escritorio en L administrativo | H3: 1 | J3: {=+_xlfn.UNIQUE(G3:G127)} -> Escritorio en L administrativo | K3: =+_xlfn.XLOOKUP(J3,$G$3:$G$127,$F$3:$F$127) -> 201001B | L3: =+SUMIF($G$3:$G$127,J3,$H$3:$H$127) -> 28
B4: 1 | C4: Abastecimiento | D4: D.3.3.3.1 | E4: COORDINADOR BODEGA | F4: 203016A | G4: Mueble Tipo Biblioteca M45_A | H4: 1 | J4: Mueble Tipo Biblioteca M45_A | K4: =+_xlfn.XLOOKUP(J4,$G$3:$G$127,$F$3:$F$127) -> 203016A | L4: =+SUMIF($G$3:$G$127,J4,$H$3:$H$127) -> 54
B5: 1 | C5: Abastecimiento | D5: D.3.3.3.10 | E5: ESTAR PERSONAL C/ KITCHENETTE | F5: 201011A | G5: Mesa Tipo Casino Circular | H5: 1 | J5: Mesa Tipo Casino Circular | K5: =+_xlfn.XLOOKUP(J5,$G$3:$G$127,$F$3:$F$127) -> 201011A | L5: =+SUMIF($G$3:$G$127,J5,$H$3:$H$127) -> 9
B6: 1 | C6: Abastecimiento | D6: D.3.3.3.11 | E6: ÁREA REGISTRO BODEGA GENERAL | F6: 201001A | G6: Escritorio simple 120x70 cm | H6: 1 | J6: Escritorio simple 120x70 cm | K6: =+_xlfn.XLOOKUP(J6,$G$3:$G$127,$F$3:$F$127) -> 201001A | L6: =+SUMIF($G$3:$G$127,J6,$H$3:$H$127) -> 31
B7: 1 | C7: Abastecimiento | D7: D.3.3.3.11 | E7: ÁREA REGISTRO BODEGA GENERAL | F7: 203016A | G7: Mueble Tipo Biblioteca M45_A | H7: 1 | J7: Mesa Reuniones Tipo I | K7: =+_xlfn.XLOOKUP(J7,$G$3:$G$127,$F$3:$F$127) -> 201008 | L7: =+SUMIF($G$3:$G$127,J7,$H$3:$H$127) -> 10
B8: 1 | C8: Abastecimiento | D8: D.3.3.3.2 | E8: MESÓN DE RECEPCIÓN C/ARCHIVO Y FOTOCOPIADORA | F8: 203016A | G8: Mueble Tipo Biblioteca M45_A | H8: 1 | J8: Escritorio de Consultas | K8: =+_xlfn.XLOOKUP(J8,$G$3:$G$127,$F$3:$F$127) -> 201001C | L8: =+SUMIF($G$3:$G$127,J8,$H$3:$H$127) -> 7
B9: 1 | C9: Abastecimiento | D9: D.3.3.3.22 | E9: ÁREA REGISTRO BODEGA FARMACIA E INSUMOS | F9: 201001A | G9: Escritorio simple 120x70 cm | H9: 1 | J9: Mesa Lateral | K9: =+_xlfn.XLOOKUP(J9,$G$3:$G$127,$F$3:$F$127) -> 201002 | L9: =+SUMIF($G$3:$G$127,J9,$H$3:$H$127) -> 1
B10: 1 | C10: Abastecimiento | D10: D.3.3.3.22 | E10: ÁREA REGISTRO BODEGA FARMACIA E INSUMOS | F10: 203016A | G10: Mueble Tipo Biblioteca M45_A | H10: 1 | J10: Mesa Párvulo Tipo II | K10: =+_xlfn.XLOOKUP(J10,$G$3:$G$127,$F$3:$F$127) -> 201005 | L10: =+SUMIF($G$3:$G$127,J10,$H$3:$H$127) -> 12
B11: 1 | C11: Consultas medicas generales | D11: A.1.3 | E11: OFICINA INTERCULTURAL | F11: 201001B | G11: Escritorio en L administrativo | H11: 1 | J11: Mueble Locker | K11: =+_xlfn.XLOOKUP(J11,$G$3:$G$127,$F$3:$F$127) -> 202012 | L11: =+SUMIF($G$3:$G$127,J11,$H$3:$H$127) -> 8
B12: 1 | C12: Consultas medicas generales | D12: A.1.3 | E12: OFICINA INTERCULTURAL | F12: 203016A | G12: Mueble Tipo Biblioteca M45_A | H12: 1 | J12: Mesa Párvulo Inclusión | K12: =+_xlfn.XLOOKUP(J12,$G$3:$G$127,$F$3:$F$127) -> 201003 | L12: =+SUMIF($G$3:$G$127,J12,$H$3:$H$127) -> 2
B13: 1 | C13: Consultas medicas generales | D13: A.1.5 | E13: OFICINA COMPIN | F13: 201008 | G13: Mesa Reuniones Tipo I | H13: 1 | J13: Mesa Párvulo Tipo I | K13: =+_xlfn.XLOOKUP(J13,$G$3:$G$127,$F$3:$F$127) -> 201004 | L13: =+SUMIF($G$3:$G$127,J13,$H$3:$H$127) -> 1
B14: 1 | C14: Consultas medicas generales | D14: A.1.5 | E14: OFICINA COMPIN | F14: 201001B | G14: Escritorio en L administrativo | H14: 1 | J14: Mesa Reuniones Tipo III | K14: =+_xlfn.XLOOKUP(J14,$G$3:$G$127,$F$3:$F$127) -> 201010 | L14: =+SUMIF($G$3:$G$127,J14,$H$3:$H$127) -> 1
B15: 1 | C15: Consultas medicas generales | D15: A.1.5 | E15: OFICINA COMPIN | F15: 203016A | G15: Mueble Tipo Biblioteca M45_A | H15: 1 | J15: Mesa Reuniones Tipo II | K15: =+_xlfn.XLOOKUP(J15,$G$3:$G$127,$F$3:$F$127) -> 201009 | L15: =+SUMIF($G$3:$G$127,J15,$H$3:$H$127) -> 2
B16: 1 | C16: Consultas medicas generales | D16: A.1.6 | E16: OFICINA FONASA | F16: 201008 | G16: Mesa Reuniones Tipo I | H16: 1 | J16: TOTAL | L16: =SUM(L3:L15) -> 166
B17: 1 | C17: Consultas medicas generales | D17: A.1.6 | E17: OFICINA FONASA | F17: 201001B | G17: Escritorio en L administrativo | H17: 1
B18: 1 | C18: Consultas medicas generales | D18: A.1.6 | E18: OFICINA FONASA | F18: 203016A | G18: Mueble Tipo Biblioteca M45_A | H18: 1
B19: 1 | C19: Consultas medicas generales | D19: B.3.1.1 | E19: OFICINA JEFE OIRS | F19: 201008 | G19: Mesa Reuniones Tipo I | H19: 1
B20: 1 | C20: Consultas medicas generales | D20: B.3.1.1 | E20: OFICINA JEFE OIRS | F20: 201001B | G20: Escritorio en L administrativo | H20: 1
B21: 1 | C21: Consultas medicas generales | D21: B.3.1.1 | E21: OFICINA JEFE OIRS | F21: 203016A | G21: Mueble Tipo Biblioteca M45_A | H21: 1
B22: 1 | C22: Consultas medicas generales | D22: C.1.2.1 | E22: MÓD. DE TRABAJO PROFESIONALES (gestión de la demanda) | F22: 201008 | G22: Mesa Reuniones Tipo I | H22: 1
B23: 1 | C23: Consultas medicas generales | D23: C.1.2.1 | E23: MÓD. DE TRABAJO PROFESIONALES (gestión de la demanda) | F23: 201001B | G23: Escritorio en L administrativo | H23: 1
B24: 1 | C24: Consultas medicas generales | D24: C.1.2.1 | E24: MÓD. DE TRABAJO PROFESIONALES (gestión de la demanda) | F24: 203016A | G24: Mueble Tipo Biblioteca M45_A | H24: 1
B25: 1 | C25: Consultas medicas generales | D25: C.1.2.1.1 | E25: MÓDULO DE TRABAJO PROFESIONALES GES | F25: 201001A | G25: Escritorio simple 120x70 cm | H25: 1
B26: 1 | C26: Consultas medicas generales | D26: C.1.2.1.2 | E26: MÓDULO DE TRABAJO PROFESIONALES LISTA DE ESPERA | F26: 201001A | G26: Escritorio simple 120x70 cm | H26: 1
B27: 1 | C27: Consultas medicas generales | D27: C.1.2.1.3 | E27: MÓD. DE TRABAJO PROFESIONALES (gestión de la demanda) | F27: 201001A | G27: Escritorio simple 120x70 cm | H27: 1
B28: 1 | C28: Consultas medicas generales | D28: C.1.2.1.3 | E28: MÓD. DE TRABAJO PROFESIONALES (gestión de la demanda) | F28: 203016A | G28: Mueble Tipo Biblioteca M45_A | H28: 1
B29: 1 | C29: Consultas medicas generales | D29: C.1.2.2 | E29: MÓDULO DE TRABAJO ADMINISTRATIVOS GES | F29: 201008 | G29: Mesa Reuniones Tipo I | H29: 1
B30: 1 | C30: Consultas medicas generales | D30: C.1.2.2 | E30: MÓDULO DE TRABAJO ADMINISTRATIVOS GES | F30: 201001A | G30: Escritorio simple 120x70 cm | H30: 3
B31: 1 | C31: Consultas medicas generales | D31: C.1.2.2 | E31: MÓDULO DE TRABAJO ADMINISTRATIVOS GES | F31: 203016A | G31: Mueble Tipo Biblioteca M45_A | H31: 3
B32: 1 | C32: Consultas medicas generales | D32: C.1.2.2.1 | E32: MÓDULO DE TRABAJO ADMINISTRATIVOS MANTENCIÓN DE AGENDA | F32: 201001B | G32: Escritorio en L administrativo | H32: 2
B33: 1 | C33: Consultas medicas generales | D33: C.1.2.2.1 | E33: MÓDULO DE TRABAJO ADMINISTRATIVOS MANTENCIÓN DE AGENDA | F33: 203016A | G33: Mueble Tipo Biblioteca M45_A | H33: 2
B34: 1 | C34: Consultas medicas generales | D34: C.1.2.2.2 | E34: MÓDULO DE TRABAJO ADMINISTRATIVOS LISTA DE ESPERA | F34: 201001B | G34: Escritorio en L administrativo | H34: 2
B35: 1 | C35: Consultas medicas generales | D35: C.1.2.2.2 | E35: MÓDULO DE TRABAJO ADMINISTRATIVOS LISTA DE ESPERA | F35: 203016A | G35: Mueble Tipo Biblioteca M45_A | H35: 2
B36: 1 | C36: Consultas medicas generales | D36: D.1.1.1.1 | E36: OFICINA JEFE SOME | F36: 201008 | G36: Mesa Reuniones Tipo I | H36: 1
B37: 1 | C37: Consultas medicas generales | D37: D.1.1.1.1 | E37: OFICINA JEFE SOME | F37: 201001B | G37: Escritorio en L administrativo | H37: 1
B38: 1 | C38: Consultas medicas generales | D38: D.1.1.1.1 | E38: OFICINA JEFE SOME | F38: 203016A | G38: Mueble Tipo Biblioteca M45_A | H38: 1
B39: 1 | C39: Consultas medicas generales | D39: D.1.1.1.2 | E39: SECRETARIA C/ARCH. Y FOTO | F39: 201001B | G39: Escritorio en L administrativo | H39: 1
B40: 1 | C40: Consultas medicas generales | D40: D.1.1.1.2 | E40: SECRETARIA C/ARCH. Y FOTO | F40: 203016A | G40: Mueble Tipo Biblioteca M45_A | H40: 1
B41: 1 | C41: Consultas medicas generales | D41: D.1.1.1.3 | E41: MODULOS DE TRABAJO (OPERADOR TELEFONICO) | F41: 201001A | G41: Escritorio simple 120x70 cm | H41: 2
B42: 1 | C42: Consultas medicas generales | D42: D.1.1.1.3 | E42: MODULOS DE TRABAJO (OPERADOR TELEFONICO) | F42: 203016A | G42: Mueble Tipo Biblioteca M45_A | H42: 2
B43: 1 | C43: Consultas medicas generales | D43: D.2.2.2.6 | E43: COORDINADOR GENERAL RS | F43: 201001B | G43: Escritorio en L administrativo | H43: 1
B44: 1 | C44: Consultas medicas generales | D44: D.2.2.2.6 | E44: COORDINADOR GENERAL RS | F44: 203016A | G44: Mueble Tipo Biblioteca M45_A | H44: 1
B45: 1 | C45: Consultas medicas generales | D45: D.2.2.4.1 | E45: MÓDULOS DE TRABAJO (operadores telefónicos) | F45: 201001B | G45: Escritorio en L administrativo | H45: 2
B46: 1 | C46: Consultas medicas generales | D46: D.2.2.4.1 | E46: MÓDULOS DE TRABAJO (operadores telefónicos) | F46: 203016A | G46: Mueble Tipo Biblioteca M45_A | H46: 2
B47: 1 | C47: Consultas medicas generales | D47: D.2.2.4.3 | E47: ESTAR PERSONAL C/ KITCHENETTE | F47: 201011A | G47: Mesa Tipo Casino Circular | H47: 1
B48: 1 | C48: Consultas medicas generales | D48: D.2.2.6.1 | E48: COORDINADOR SERVICIOS EXTERNALIZADOS | F48: 201001B | G48: Escritorio en L administrativo | H48: 1
... B52: 1 | C52: Consultas medicas generales | D52: D.2.2.6.7 | E52: ESTAR PERSONAL C/ KITCHENETTE | F52: 201011A | G52: Mesa Tipo Casino Circular | H52: 2
B53: 1 | C53: Cuidados Paliativos | D53: C.2.4.1 | E53: OFICINA JEFE CUIDADOS PALIATIVOS | F53: 201008 | G53: Mesa Reuniones Tipo I | H53: 1
B54: 1 | C54: Cuidados Paliativos | D54: C.2.4.1 | E54: OFICINA JEFE CUIDADOS PALIATIVOS | F54: 201001B | G54: Escritorio en L administrativo | H54: 1
B55: 1 | C55: Cuidados Paliativos | D55: C.2.4.1 | E55: OFICINA JEFE CUIDADOS PALIATIVOS | F55: 203016A | G55: Mueble Tipo Biblioteca M45_A | H55: 1
B56: 1 | C56: Cuidados Paliativos | D56: C.2.4.1.1 | E56: OFICINA ENFERMERA | F56: 201001B | G56: Escritorio en L administrativo | H56: 1
B57: 1 | C57: Cuidados Paliativos | D57: C.2.4.1.1 | E57: OFICINA ENFERMERA | F57: 203016A | G57: Mueble Tipo Biblioteca M45_A | H57: 1
B58: 1 | C58: Cuidados Paliativos | D58: C.2.4.17 | E58: SALA MULTIPROPÓSITO | F58: 201008 | G58: Mesa Reuniones Tipo I | H58: 1
B59: 1 | C59: Cuidados Paliativos | D59: C.2.4.17 | E59: SALA MULTIPROPÓSITO | F59: 201001B | G59: Escritorio en L administrativo | H59: 1
B60: 1 | C60: Cuidados Paliativos | D60: C.2.4.17 | E60: SALA MULTIPROPÓSITO | F60: 203016A | G60: Mueble Tipo Biblioteca M45_A | H60: 1
B61: 1 | C61: Cuidados Paliativos | D61: C.2.4.5 | E61: BOX MÉDICO | F61: 201001C | G61: Escritorio de Consultas | H61: 1
B62: 1 | C62: Cuidados Paliativos | D62: C.2.4.6.1 | E62: BOX MULTIPROPÓSITO (1) | F62: 201001C | G62: Escritorio de Consultas | H62: 1
B63: 1 | C63: Cuidados Paliativos | D63: C.2.4.6.2 | E63: BOX MULTIPROPÓSITO (2) | F63: 201001C | G63: Escritorio de Consultas | H63: 1
B64: 1 | C64: Imagenología | D64: C.5.3.12 | E64: SECRETARIA C/ARCHIVO, FOTOCOP. | F64: 201001B | G64: Escritorio en L administrativo | H64: 1
B65: 1 | C65: Imagenología | D65: C.5.3.12 | E65: SECRETARIA C/ARCHIVO, FOTOCOP. | F65: 203016A | G65: Mueble Tipo Biblioteca M45_A | H65: 1
B66: 1 | C66: Imagenología | D66: C.5.3.13 | E66: OFICINA JEFE IMAGENOLOGÍA | F66: 201001B | G66: Escritorio en L administrativo | H66: 1
B67: 1 | C67: Imagenología | D67: C.5.3.13 | E67: OFICINA JEFE IMAGENOLOGÍA | F67: 203016A | G67: Mueble Tipo Biblioteca M45_A | H67: 1
B68: 1 | C68: Imagenología | D68: C.5.3.14 | E68: COORDINADOR IMAGENOLOGÍA | F68: 201001A | G68: Escritorio simple 120x70 cm | H68: 1
B69: 1 | C69: Imagenología | D69: C.5.3.14 | E69: COORDINADOR IMAGENOLOGÍA | F69: 203016A | G69: Mueble Tipo Biblioteca M45_A | H69: 1
B70: 1 | C70: Imagenología | D70: C.5.3.15 | E70: MÓDULO DE TRABAJO (INFORMES) | F70: 201001A | G70: Escritorio simple 120x70 cm | H70: 6
... B79: 1 | C79: Lavandería | D79: D.2.2.5.1 | E79: OFICINA COORDINADOR ROPERÍA | F79: 203016A | G79: Mueble Tipo Biblioteca M45_A | H79: 1
B80: 1 | C80: Morgue | D80: C.5.9.2 | E80: ESPACIO PARA DEUDOS | F80: 201002 | G80: Mesa Lateral | H80: 1
B81: 1 | C81: Morgue | D81: C.5.9.5 | E81: MESÓN RECEPCIÓN DE REGISTRO DE INFORMES | F81: 201001B | G81: Escritorio en L administrativo | H81: 1
B82: 1 | C82: Morgue | D82: C.5.9.5 | E82: MESÓN RECEPCIÓN DE REGISTRO DE INFORMES | F82: 203016A | G82: Mueble Tipo Biblioteca M45_A | H82: 1
B83: 1 | C83: Morgue | D83: C.5.9.7 | E83: VESTIDOR Y ENTREGA FAMILIARES | F83: 201001A | G83: Escritorio simple 120x70 cm | H83: 1
B84: 1 | C84: Sala Cuna | D84: H.2.11.1 | E84: NIVEL MEDIO MENOR | F84: 201005 | G84: Mesa Párvulo Tipo II | H84: 4
B85: 1 | C85: Sala Cuna | D85: H.2.11.1 | E85: NIVEL MEDIO MENOR | F85: 202012 | G85: Mueble Locker | H85: 2
B86: 1 | C86: Sala Cuna | D86: H.2.11.2 | E86: NIVEL MEDIO MAYOR | F86: 201005 | G86: Mesa Párvulo Tipo II | H86: 4
B87: 1 | C87: Sala Cuna | D87: H.2.11.2 | E87: NIVEL MEDIO MAYOR | F87: 202012 | G87: Mueble Locker | H87: 2
B88: 1 | C88: Sala Cuna | D88: H.2.3 | E88: OFICINA DIRECTORA | F88: 201001A | G88: Escritorio simple 120x70 cm | H88: 1
B89: 1 | C89: Sala Cuna | D89: H.2.3 | E89: OFICINA DIRECTORA | F89: 203016A | G89: Mueble Tipo Biblioteca M45_A | H89: 1
B90: 1 | C90: Sala Cuna | D90: H.2.4 | E90: OFICINA 2 EDUCADORAS | F90: 201001B | G90: Escritorio en L administrativo | H90: 2
B91: 1 | C91: Sala Cuna | D91: H.2.4 | E91: OFICINA 2 EDUCADORAS | F91: 203016A | G91: Mueble Tipo Biblioteca M45_A | H91: 2
B92: 1 | C92: Sala Cuna | D92: H.2.6 | E92: SALA CONTROL SALUD | F92: 201001C | G92: Escritorio de Consultas | H92: 1
B93: 1 | C93: Sala Cuna | D93: H.2.6 | E93: SALA CONTROL SALUD | F93: 203016A | G93: Mueble Tipo Biblioteca M45_A | H93: 1
B94: 1 | C94: Sala Cuna | D94: H.2.7 | E94: SALA MULTIUSO 1 | F94: 203016A | G94: Mueble Tipo Biblioteca M45_A | H94: 1
B95: 1 | C95: Sala Cuna | D95: H.2.8.1 | E95: NIVEL SALA CUNA 1 | F95: 201003 | G95: Mesa Párvulo Inclusión | H95: 1
B96: 1 | C96: Sala Cuna | D96: H.2.8.1 | E96: NIVEL SALA CUNA 1 | F96: 201005 | G96: Mesa Párvulo Tipo II | H96: 2
B97: 1 | C97: Sala Cuna | D97: H.2.8.1 | E97: NIVEL SALA CUNA 1 | F97: 202012 | G97: Mueble Locker | H97: 2
B98: 1 | C98: Sala Cuna | D98: H.2.8.2 | E98: NIVEL SALA CUNA 2 | F98: 201003 | G98: Mesa Párvulo Inclusión | H98: 1
B99: 1 | C99: Sala Cuna | D99: H.2.8.2 | E99: NIVEL SALA CUNA 2 | F99: 201005 | G99: Mesa Párvulo Tipo II | H99: 2
B100: 1 | C100: Sala Cuna | D100: H.2.8.2 | E100: NIVEL SALA CUNA 2 | F100: 202012 | G100: Mueble Locker | H100: 2
B101: 1 | C101: Urgencia | D101: C.3.6.2.8 | E101: BOX ATENCIÓN MEDICO C/BAÑO Y ECO | F101: 201001C | G101: Escritorio de Consultas | H101: 1
B102: 1 | C102: Urgencia | D102: C.3.6.2.8.1 | E102: BOX MATRONA | F102: 201001C | G102: Escritorio de Consultas | H102: 1
B103: 1 | C103: Urgencia | D103: C.4.1.2 | E103: OF. JEFE CR AT. URGENCIA | F103: 201008 | G103: Mesa Reuniones Tipo I | H103: 1
B104: 1 | C104: Urgencia | D104: C.4.1.2 | E104: OF. JEFE CR AT. URGENCIA | F104: 201001B | G104: Escritorio en L administrativo | H104: 1
B105: 1 | C105: Urgencia | D105: C.4.1.2 | E105: OF. JEFE CR AT. URGENCIA | F105: 203016A | G105: Mueble Tipo Biblioteca M45_A | H105: 1
B106: 1 | C106: Urgencia | D106: C.4.1.3 | E106: COORDINADOR CR AT. URGENCIA | F106: 201001B | G106: Escritorio en L administrativo | H106: 1
B107: 1 | C107: Urgencia | D107: C.4.1.3 | E107: COORDINADOR CR AT. URGENCIA | F107: 203016A | G107: Mueble Tipo Biblioteca M45_A | H107: 1
B108: 1 | C108: Urgencia | D108: C.4.1.5 | E108: SECRETARIA C/ARCH. Y FOTO | F108: 201001B | G108: Escritorio en L administrativo | H108: 1
B109: 1 | C109: Urgencia | D109: C.4.1.5 | E109: SECRETARIA C/ARCH. Y FOTO | F109: 203016A | G109: Mueble Tipo Biblioteca M45_A | H109: 1
B110: 1 | C110: Urgencia | D110: C.4.2.5 | E110: SALA CARABINERO C/BAÑO | F110: 201001A | G110: Escritorio simple 120x70 cm | H110: 1
B111: 1 | C111: Urgencia | D111: C.4.2.5 | E111: SALA CARABINERO C/BAÑO | F111: 203016A | G111: Mueble Tipo Biblioteca M45_A | H111: 1
B112: 1 | C112: Urgencia | D112: C.4.2.7 | E112: SALA ENTREVISTA FAMILIARES PACIENTES | F112: 201008 | G112: Mesa Reuniones Tipo I | H112: 1
...

Sheet Despacho_03_20260728
B1: Proveedor Adjudicado | C1: (Varios elementos)
B2: Familia | C2: (Varios elementos)
D3: {=ROUND(SUMPRODUCT((D5:D1982<>"")/COUNTIF(D5:D1982,D5:D1982&"")),0)} -> 154
B4: Piso | C4: Servicio | D4: Codigo de recinto referencial | E4: Nombre Recinto | F4: Tipo Equipo/ Mobiliario | G4: Nombre | H4: Cantidad
B5: 2 | C5: Biblioteca | D5: C.2.6.2.2 | E5: SALA DE REUNIONES | F5: 201010 | G5: Mesa Reuniones Tipo III | H5: 1 | J5: {=+_xlfn.UNIQUE(G5:G239)} -> Mesa Reuniones Tipo III | K5: =+_xlfn.XLOOKUP(J5,$G$5:$G$239,$F$5:$F$239) -> 201010 | L5: =+SUMIF($G$3:$G$239,J5,$H$3:$H$239) -> 3
B6: 2 | C6: Biblioteca | D6: E.2.3.1 | E6: SALA TRABAJO GRUPAL | F6: 201009 | G6: Mesa Reuniones Tipo II | H6: 1 | J6: Mesa Reuniones Tipo II | K6: =+_xlfn.XLOOKUP(J6,$G$5:$G$239,$F$5:$F$239) -> 201009 | L6: =+SUMIF($G$3:$G$239,J6,$H$3:$H$239) -> 13
B7: 2 | C7: Biblioteca | D7: E.2.3.2 | E7: SALA TRABAJO GRUPAL | F7: 201009 | G7: Mesa Reuniones Tipo II | H7: 1 | J7: Mesa Reuniones Tipo I | K7: =+_xlfn.XLOOKUP(J7,$G$5:$G$239,$F$5:$F$239) -> 201008 | L7: =+SUMIF($G$3:$G$239,J7,$H$3:$H$239) -> 14
B8: 2 | C8: Biblioteca | D8: E.2.4 | E8: SALA DE LECTURA | F8: 201008 | G8: Mesa Reuniones Tipo I | H8: 3 | J8: Mesa Tipo Casino Redonda 90 cm | K8: =+_xlfn.XLOOKUP(J8,$G$5:$G$239,$F$5:$F$239) -> 201011B | L8: =+SUMIF($G$3:$G$239,J8,$H$3:$H$239) -> 13
B9: 2 | C9: Cafetería | D9: A.1.7.2 | E9: CAFETERÍA | F9: 201011B | G9: Mesa Tipo Casino Redonda 90 cm | H9: 8 | J9: Escritorio en L administrativo | K9: =+_xlfn.XLOOKUP(J9,$G$5:$G$239,$F$5:$F$239) -> 201001B | L9: =+SUMIF($G$3:$G$239,J9,$H$3:$H$239) -> 47
B10: 2 | C10: Central de Alimentación | D10: C.5.8.1.1.1 | E10: OFICINA JEFE NUTRICIONISTA | F10: 201001B | G10: Escritorio en L administrativo | H10: 1 | J10: Mueble Tipo Biblioteca M45_A | K10: =+_xlfn.XLOOKUP(J10,$G$5:$G$239,$F$5:$F$239) -> 203016A | L10: =+SUMIF($G$3:$G$239,J10,$H$3:$H$239) -> 76
B11: 2 | C11: Central de Alimentación | D11: C.5.8.1.1.1 | E11: OFICINA JEFE NUTRICIONISTA | F11: 203016A | G11: Mueble Tipo Biblioteca M45_A | H11: 1 | J11: Punto de registro clínico | K11: =+_xlfn.XLOOKUP(J11,$G$5:$G$239,$F$5:$F$239) -> 201001E | L11: =+SUMIF($G$3:$G$239,J11,$H$3:$H$239) -> 21
B12: 2 | C12: Central de Alimentación | D12: C.5.8.1.1.2 | E12: MÓDULO DE TRABAJO (INFORMES) | F12: 201001B | G12: Escritorio en L administrativo | H12: 4 | J12: Mesa Tipo Casino Circular | K12: =+_xlfn.XLOOKUP(J12,$G$5:$G$239,$F$5:$F$239) -> 201011A | L12: =+SUMIF($G$3:$G$239,J12,$H$3:$H$239) -> 57
B13: 2 | C13: Central de Alimentación | D13: C.5.8.1.1.2 | E13: MÓDULO DE TRABAJO (INFORMES) | F13: 203016A | G13: Mueble Tipo Biblioteca M45_A | H13: 4 | J13: Escritorio de Consultas | K13: =+_xlfn.XLOOKUP(J13,$G$5:$G$239,$F$5:$F$239) -> 201001C | L13: =+SUMIF($G$3:$G$239,J13,$H$3:$H$239) -> 40
B14: 2 | C14: Central de Alimentación | D14: C.5.8.1.1.5 | E14: SECRETARIA C/ARCH. Y FOTO | F14: 201001B | G14: Escritorio en L administrativo | H14: 1 | J14: Escritorio simple 120x70 cm | K14: =+_xlfn.XLOOKUP(J14,$G$5:$G$239,$F$5:$F$239) -> 201001A | L14: =+SUMIF($G$3:$G$239,J14,$H$3:$H$239) -> 52
B15: 2 | C15: Central de Alimentación | D15: C.5.8.1.1.5 | E15: SECRETARIA C/ARCH. Y FOTO | F15: 203016A | G15: Mueble Tipo Biblioteca M45_A | H15: 1 | J15: Escritorio simple 130x70 cm | K15: =+_xlfn.XLOOKUP(J15,$G$5:$G$239,$F$5:$F$239) -> 201001D | L15: =+SUMIF($G$3:$G$239,J15,$H$3:$H$239) -> 4
B16: 2 | C16: Central de Alimentación | D16: C.5.8.2.1 | E16: JEFE CENTRAL DE ALIMENTACIÓN | F16: 201001B | G16: Escritorio en L administrativo | H16: 1 | J16: Mueble Tipo Biblioteca M45_B | K16: =+_xlfn.XLOOKUP(J16,$G$5:$G$239,$F$5:$F$239) -> 203016B | L16: =+SUMIF($G$3:$G$239,J16,$H$3:$H$239) -> 16
B17: 2 | C17: Central de Alimentación | D17: C.5.8.2.1 | E17: JEFE CENTRAL DE ALIMENTACIÓN | F17: 203016A | G17: Mueble Tipo Biblioteca M45_A | H17: 1 | J17: Mesa Lateral | K17: =+_xlfn.XLOOKUP(J17,$G$5:$G$239,$F$5:$F$239) -> 201002 | L17: =+SUMIF($G$3:$G$239,J17,$H$3:$H$239) -> 2
B18: 2 | C18: Central de Alimentación | D18: C.5.8.2.14 | E18: BODEGA DIARIA ALIMENTOS NO PERECIBLES (ABARROTES) | F18: 201001E | G18: Punto de registro clínico | H18: 1 | J18: Mesa Párvulo Tipo I | K18: =+_xlfn.XLOOKUP(J18,$G$5:$G$239,$F$5:$F$239) -> 201004 | L18: =+SUMIF($G$3:$G$239,J18,$H$3:$H$239) -> 4
B19: 2 | C19: Central de Alimentación | D19: C.5.8.2.2 | E19: SECRETARIA C/ARCH. Y FOTO | F19: 201001B | G19: Escritorio en L administrativo | H19: 1 | J19: TOTAL | L19: =SUM(L5:L18) -> 362
B20: 2 | C20: Central de Alimentación | D20: C.5.8.2.2 | E20: SECRETARIA C/ARCH. Y FOTO | F20: 203016A | G20: Mueble Tipo Biblioteca M45_A | H20: 1
B21: 2 | C21: Central de Alimentación | D21: C.5.8.2.24 | E21: OFICINA SUPERVISORA | F21: 201001B | G21: Escritorio en L administrativo | H21: 1
B22: 2 | C22: Central de Alimentación | D22: C.5.8.2.24 | E22: OFICINA SUPERVISORA | F22: 203016A | G22: Mueble Tipo Biblioteca M45_A | H22: 1
B23: 2 | C23: Central de Alimentación | D23: C.5.8.2.33 | E23: PREP. DE BANDEJAS, MONTAJE DE CARROS Y DESP. | F23: 201001E | G23: Punto de registro clínico | H23: 1
B24: 2 | C24: Central de Alimentación | D24: C.5.8.2.7 | E24: ESTAR PERSONAL C/ KITCHENETTE | F24: 201011A | G24: Mesa Tipo Casino Circular | H24: 1
B25: 2 | C25: Central de Alimentación | D25: E.5.1.1 | E25: SALA MULTIUSO (labores administrativas) | F25: 201008 | G25: Mesa Reuniones Tipo I | H25: 1
B26: 2 | C26: Central de Alimentación | D26: E.5.1.1 | E26: SALA MULTIUSO (labores administrativas) | F26: 201001B | G26: Escritorio en L administrativo | H26: 1
B27: 2 | C27: Central de Alimentación | D27: E.5.1.1 | E27: SALA MULTIUSO (labores administrativas) | F27: 203016A | G27: Mueble Tipo Biblioteca M45_A | H27: 1
B28: 2 | C28: Comedor para funcionarios y público | D28: E.3.5 | E28: COMEDORES PARA FUNCIONARIOS | F28: 201011A | G28: Mesa Tipo Casino Circular | H28: 56
B29: 2 | C29: Comedor para funcionarios y público | D29: E.3.8 | E29: OFICINA ADMINISTRADOR | F29: 201001B | G29: Escritorio en L administrativo | H29: 1
B30: 2 | C30: Comedor para funcionarios y público | D30: E.3.8 | E30: OFICINA ADMINISTRADOR | F30: 203016A | G30: Mueble Tipo Biblioteca M45_A | H30: 1
B31: 2 | C31: Consultas Ambulatorias | D31: D.1.2.1 | E31: SECRETARIA C/ARCHIVO, FOTOCOP. | F31: 201001B | G31: Escritorio en L administrativo | H31: 1
B32: 2 | C32: Consultas Ambulatorias | D32: D.1.2.1 | E32: SECRETARIA C/ARCHIVO, FOTOCOP. | F32: 203016A | G32: Mueble Tipo Biblioteca M45_A | H32: 1
B33: 2 | C33: Consultas Ambulatorias | D33: D.1.2.2 | E33: OFICINA JEFE TIC | F33: 201008 | G33: Mesa Reuniones Tipo I | H33: 1
B34: 2 | C34: Consultas Ambulatorias | D34: D.1.2.2 | E34: OFICINA JEFE TIC | F34: 201001B | G34: Escritorio en L administrativo | H34: 1
B35: 2 | C35: Consultas Ambulatorias | D35: D.1.2.2 | E35: OFICINA JEFE TIC | F35: 203016A | G35: Mueble Tipo Biblioteca M45_A | H35: 1
B36: 2 | C36: Consultas Ambulatorias | D36: D.1.2.3 | E36: MÓDULOS DE TRABAJO DESARROLLO Y MANTENCIÓN | F36: 201001B | G36: Escritorio en L administrativo | H36: 3
B37: 2 | C37: Consultas Ambulatorias | D37: D.1.2.3 | E37: MÓDULOS DE TRABAJO DESARROLLO Y MANTENCIÓN | F37: 203016A | G37: Mueble Tipo Biblioteca M45_A | H37: 3
B38: 2 | C38: Consultas Ambulatorias | D38: D.4.4.1.2 | E38: COORDINADOR SALUD DEL TRABAJADOR | F38: 201001B | G38: Escritorio en L administrativo | H38: 1
B39: 2 | C39: Consultas Ambulatorias | D39: D.4.4.1.2 | E39: COORDINADOR SALUD DEL TRABAJADOR | F39: 203016A | G39: Mueble Tipo Biblioteca M45_A | H39: 1
B40: 2 | C40: Consultas Ambulatorias | D40: D.4.4.1.3.1 | E40: BOX DE ATENCIÓN | F40: 201001C | G40: Escritorio de Consultas | H40: 1
B41: 2 | C41: Consultas Ambulatorias | D41: D.4.4.1.3.2 | E41: BOX DE ATENCIÓN | F41: 201001C | G41: Escritorio de Consultas | H41: 1
B42: 2 | C42: Consultas Ambulatorias | D42: D.4.4.1.3.3 | E42: BOX DE ATENCIÓN | F42: 201001C | G42: Escritorio de Consultas | H42: 1
B43: 2 | C43: Consultas Ambulatorias | D43: D.4.4.2.1 | E43: COORD. SALUD OCUP. Y PREVEN. DE RIESGOS | F43: 201001B | G43: Escritorio en L administrativo | H43: 1
B44: 2 | C44: Consultas Ambulatorias | D44: D.4.4.2.1 | E44: COORD. SALUD OCUP. Y PREVEN. DE RIESGOS | F44: 203016A | G44: Mueble Tipo Biblioteca M45_A | H44: 1
B45: 2 | C45: Consultas Ambulatorias | D45: D.4.4.2.2 | E45: MÓDULO DE TRABAJO | F45: 201001B | G45: Escritorio en L administrativo | H45: 1
... B88: 2 | C88: Contabilidad | D88: D.3.1.1.2 | E88: SECRETARÍA C/ARCHIVO Y FOTOCOPIADORA | F88: 203016A | G88: Mueble Tipo Biblioteca M45_A | H88: 1
B89: 2 | C89: Contabilidad | D89: D.3.1.3 | E89: OF. JEFE ABASTECIMIENTO | F89: 201008 | G89: Mesa Reuniones Tipo I | H89: 1
B90: 2 | C90: Contabilidad | D90: D.3.1.3 | E90: OF. JEFE ABASTECIMIENTO | F90: 201001B | G90: Escritorio en L administrativo | H90: 1
B91: 2 | C91: Contabilidad | D91: D.3.1.3 | E91: OF. JEFE ABASTECIMIENTO | F91: 203016A | G91: Mueble Tipo Biblioteca M45_A | H91: 1
B92: 2 | C92: Contabilidad | D92: D.3.3.1.1 | E92: OFICINA COORDINADOR DQUISICIONES | F92: 201001B | G92: Escritorio en L administrativo | H92: 1
B93: 2 | C93: Contabilidad | D93: D.3.3.1.1 | E93: OFICINA COORDINADOR DQUISICIONES | F93: 203016A | G93: Mueble Tipo Biblioteca M45_A | H93: 1
B94: 2 | C94: Contabilidad | D94: D.3.3.1.2 | E94: MÓDULO DE TRABAJO EJECUTIVO DE COMPRA | F94: 201001A | G94: Escritorio simple 120x70 cm | H94: 4
B95: 2 | C95: Contabilidad | D95: D.3.3.1.2 | E95: MÓDULO DE TRABAJO EJECUTIVO DE COMPRA | F95: 203016A | G95: Mueble Tipo Biblioteca M45_A | H95: 4
B96: 2 | C96: Contabilidad | D96: D.3.3.1.3 | E96: MÓDULO DE TRABAJO QUÍMICO FARMACEUTICO | F96: 201001B | G96: Escritorio en L administrativo | H96: 1
B97: 2 | C97: Contabilidad | D97: D.3.3.1.3 | E97: MÓDULO DE TRABAJO QUÍMICO FARMACEUTICO | F97: 203016A | G97: Mueble Tipo Biblioteca M45_A | H97: 1
B98: 2 | C98: Contabilidad | D98: D.3.3.2.2 | E98: SECRETARÍA C/ARCHIVO Y FOTOCOPIADORA | F98: 201001B | G98: Escritorio en L administrativo | H98: 1
B99: 2 | C99: Contabilidad | D99: D.3.3.2.2 | E99: SECRETARÍA C/ARCHIVO Y FOTOCOPIADORA | F99: 203016A | G99: Mueble Tipo Biblioteca M45_A | H99: 1
B100: 2 | C100: Contabilidad | D100: D.3.3.2.3 | E100: MÓDULO DE TRABAJO EJECUTIVO LICITACIONES | F100: 201001B | G100: Escritorio en L administrativo | H100: 1
B101: 2 | C101: Contabilidad | D101: D.3.3.2.3 | E101: MÓDULO DE TRABAJO EJECUTIVO LICITACIONES | F101: 203016A | G101: Mueble Tipo Biblioteca M45_A | H101: 1
... B106: 2 | C106: Contabilidad | D106: D.3.3.3.31 | E106: SECRETARÍA C/ARCHIVO Y FOTOCOPIADORA | F106: 201001B | G106: Escritorio en L administrativo | H106: 1
B107: 2 | C107: Contabilidad | D107: D.3.4.1 | E107: SALA DE REUNIONES (15 pp) | F107: 201010 | G107: Mesa Reuniones Tipo III | H107: 1
B108: 2 | C108: Farmacia | D108: C.5.4.16 | E108: OFICINA JEFE (incl. bodega de estupefacientes) | F108: 201001B | G108: Escritorio en L administrativo | H108: 1
B109: 2 | C109: Farmacia | D109: C.5.4.16 | E109: OFICINA JEFE (incl. bodega de estupefacientes) | F109: 203016A | G109: Mueble Tipo Biblioteca M45_A | H109: 1
B110: 2 | C110: Farmacia | D110: C.5.4.18 | E110: SECRETARIA C/ARCHIVO, FOTOCOP. | F110: 201001B | G110: Escritorio en L administrativo | H110: 1
B111: 2 | C111: Farmacia | D111: C.5.4.18 | E111: SECRETARIA C/ARCHIVO, FOTOCOP. | F111: 203016A | G111: Mueble Tipo Biblioteca M45_A | H111: 1
B112: 2 | C112: Farmacia | D112: C.5.4.19 | E112: MODULO DE TRABAJO QUIMICOS FARMACEUTICOS | F112: 201001D | G112: Escritorio simple 130x70 cm | H112: 4
B113: 2 | C113: Farmacia | D113: C.5.4.19 | E113: MODULO DE TRABAJO QUIMICOS FARMACEUTICOS | F113: 203016A | G113: Mueble Tipo Biblioteca M45_A | H113: 4
B114: 2 | C114: Farmacia | D114: C.5.4.2 | E114: MÓDULOS DE ENTREVISTA Y EDUCACIÓN | F114: 201001A | G114: Escritorio simple 120x70 cm | H114: 1
B115: 2 | C115: Farmacia | D115: C.5.4.20 | E115: ESTAR PERSONAL C/ KITCHENETTE | F115: 201011B | G115: Mesa Tipo Casino Redonda 90 cm | H115: 1
B116: 2 | C116: Farmacia | D116: C.5.4.28 | E116: BODEGA ACTIVA MEDICAMENTOS | F116: 201001E | G116: Punto de registro clínico | H116: 1
B117: 2 | C117: Farmacia | D117: C.5.4.29 | E117: BODEGA ACTIVA DE INSUMOS Y SOLUCIONES ANTISÉPTICAS | F117: 201001E | G117: Punto de registro clínico | H117: 1
B118: 2 | C118: Farmacia | D118: C.5.4.3 | E118: SALA DE TRABAJO GRUPAL | F118: 201009 | G118: Mesa Reuniones Tipo II | H118: 1
B119: 2 | C119: Hospital de día | D119: C.2.5.1.1 | E119: SECRETARIA C/ARCHIVO, FOTOCOP. | F119: 201001B | G119: Escritorio en L administrativo | H119: 1
B120: 2 | C120: Hospital de día | D120: C.2.5.1.1 | E120: SECRETARIA C/ARCHIVO, FOTOCOP. | F120: 203016A | G120: Mueble Tipo Biblioteca M45_A | H120: 1
B121: 2 | C121: Hospital de día | D121: C.2.5.1.2 | E121: OFICINA JEFE SALUD MENTAL | F121: 201001B | G121: Escritorio en L administrativo | H121: 1
B122: 2 | C122: Hospital de día | D122: C.2.5.1.2 | E122: OFICINA JEFE SALUD MENTAL | F122: 203016A | G122: Mueble Tipo Biblioteca M45_A | H122: 1
B123: 2 | C123: Hospital de día | D123: C.2.5.1.3 | E123: OF.COORDINADOR SALUD MENTAL | F123: 201001B | G123: Escritorio en L administrativo | H123: 1
B124: 2 | C124: Hospital de día | D124: C.2.5.1.3 | E124: OF.COORDINADOR SALUD MENTAL | F124: 203016A | G124: Mueble Tipo Biblioteca M45_A | H124: 1
B125: 2 | C125: Hospital de día | D125: C.2.5.3.15 | E125: SALA DE SEGUIMIENTO ENTREVISTA (MONITOR) | F125: 201001A | G125: Escritorio simple 120x70 cm | H125: 1
B126: 2 | C126: Hospital de día | D126: C.2.5.4.1 | E126: SECRETARIA C/ARCHIVO, FOTOCOP. | F126: 203016A | G126: Mueble Tipo Biblioteca M45_A | H126: 1
B127: 2 | C127: Hospital de día | D127: C.2.5.4.10 | E127: BOX ATENCIÓN | F127: 201001C | G127: Escritorio de Consultas | H127: 1
B128: 2 | C128: Hospital de día | D128: C.2.5.4.10 | E128: BOX ATENCIÓN | F128: 203016B | G128: Mueble Tipo Biblioteca M45_B | H128: 1
B129: 2 | C129: Hospital de día | D129: C.2.5.4.11.1 | E129: BOX 2 MULTIPROPOSITO | F129: 201001C | G129: Escritorio de Consultas | H129: 1
B130: 2 | C130: Hospital de día | D130: C.2.5.4.11.1 | E130: BOX 2 MULTIPROPOSITO | F130: 203016B | G130: Mueble Tipo Biblioteca M45_B | H130: 1
... B132: 2 | C132: Hospital de día | D132: C.2.5.4.11.2 | E132: BOX 2 MULTIPROPOSITO | F132: 203016B | G132: Mueble Tipo Biblioteca M45_B | H132: 1
B133: 2 | C133: Hospital de día | D133: C.2.5.4.12 | E133: SALA DE ENTREVISTAS | F133: 201008 | G133: Mesa Reuniones Tipo I | H133: 1
B134: 2 | C134: Hospital de día | D134: C.2.5.4.12 | E134: SALA DE ENTREVISTAS | F134: 201001B | G134: Escritorio en L administrativo | H134: 1
B135: 2 | C135: Hospital de día | D135: C.2.5.4.13 | E135: SALA DE PROCEDIMIENTO | F135: 201001E | G135: Punto de registro clínico | H135: 1
B136: 2 | C136: Hospital de día | D136: C.2.5.4.14 | E136: SALA ESTIMULACIÓN COGNITIVA | F136: 201008 | G136: Mesa Reuniones Tipo I | H136: 1
B137: 2 | C137: Hospital de día | D137: C.2.5.4.14 | E137: SALA ESTIMULACIÓN COGNITIVA | F137: 201001C | G137: Escritorio de Consultas | H137: 1
B138: 2 | C138: Hospital de día | D138: C.2.5.4.14 | E138: SALA ESTIMULACIÓN COGNITIVA | F138: 203016B | G138: Mueble Tipo Biblioteca M45_B | H138: 1
B139: 2 | C139: Hospital de día | D139: C.2.5.4.16 | E139: TALLER DE COMPUTACIÓN | F139: 201001A | G139: Escritorio simple 120x70 cm | H139: 6
B140: 2 | C140: Hospital de día | D140: C.2.5.4.17 | E140: SALA DE ESTAR /COMEDOR | F140: 201011B | G140: Mesa Tipo Casino Redonda 90 cm | H140: 2
B141: 2 | C141: Hospital de día | D141: C.2.5.4.3 | E141: OF. JEFE HOSP.DIA | F141: 201001B | G141: Escritorio en L administrativo | H141: 1
B142: 2 | C142: Hospital de día | D142: C.2.5.4.3 | E142: OF. JEFE HOSP.DIA | F142: 203016A | G142: Mueble Tipo Biblioteca M45_A | H142: 1
B143: 2 | C143: Hospital de día | D143: C.2.5.4.4 | E143: OF. COORDINADOR HOSP. DÍA | F143: 201001B | G143: Escritorio en L administrativo | H143: 1
B144: 2 | C144: Hospital de día | D144: C.2.5.4.4 | E144: OF. COORDINADOR HOSP. DÍA | F144: 203016A | G144: Mueble Tipo Biblioteca M45_A | H144: 1
B145: 2 | C145: Hospital de día | D145: C.2.5.4.5 | E145: MOD. DE TRABAJO (MONITORES) | F145: 201008 | G145: Mesa Reuniones Tipo I | H145: 1
B146: 2 | C146: Hospital de día | D146: C.2.5.4.5 | E146: MOD. DE TRABAJO (MONITORES) | F146: 201001A | G146: Escritorio simple 120x70 cm | H146: 4
B147: 2 | C147: Hospital de día | D147: C.2.5.4.5 | E147: MOD. DE TRABAJO (MONITORES) | F147: 203016A | G147: Mueble Tipo Biblioteca M45_A | H147: 4
...

Sheet Despacho_04_20260728
B1: Proveedor Adjudicado | C1: (Varios elementos)
B2: Familia | C2: (Varios elementos)
D3: {=ROUND(SUMPRODUCT((D5:D1982<>"")/COUNTIF(D5:D1982,D5:D1982&"")),0)} -> 99
B4: Piso | C4: Servicio | D4: Codigo de recinto referencial | E4: Nombre Recinto | F4: Tipo Equipo/ Mobiliario | G4: Nombre | H4: Cantidad
B5: 3 | C5: Administración y apoyo general | D5: B.1.1 | E5: SECRETARÍA C/ARCHIVO Y FOTOCOPIADORA | F5: 201001B | G5: Escritorio en L administrativo | H5: 1 | K5: Escritorio en L administrativo | L5: 201001B | M5: =+SUMIF($G$3:$G$239,K5,$H$3:$H$239) -> 82
B6: 3 | C6: Administración y apoyo general | D6: B.1.1 | E6: SECRETARÍA C/ARCHIVO Y FOTOCOPIADORA | F6: 203016A | G6: Mueble Tipo Biblioteca M45_A | H6: 1 | K6: Mueble Tipo Biblioteca M45_A | L6: 203016A | M6: =+SUMIF($G$3:$G$239,K6,$H$3:$H$239) -> 102
B7: 3 | C7: Administración y apoyo general | D7: B.1.3 | E7: OFICINA DIRECTOR C/BAÑO | F7: 201008 | G7: Mesa Reuniones Tipo I | H7: 1 | K7: Mesa Reuniones Tipo I | L7: 201008 | M7: =+SUMIF($G$3:$G$239,K7,$H$3:$H$239) -> 16
B8: 3 | C8: Administración y apoyo general | D8: B.1.3 | E8: OFICINA DIRECTOR C/BAÑO | F8: 201001B | G8: Escritorio en L administrativo | H8: 1 | K8: Escritorio simple 120x70 cm | L8: 201001A | M8: =+SUMIF($G$3:$G$239,K8,$H$3:$H$239) -> 20
B9: 3 | C9: Administración y apoyo general | D9: B.1.3 | E9: OFICINA DIRECTOR C/BAÑO | F9: 203016A | G9: Mueble Tipo Biblioteca M45_A | H9: 1 | K9: Mesa Reuniones Tipo III | L9: 201010 | M9: =+SUMIF($G$3:$G$239,K9,$H$3:$H$239) -> 5
B10: 3 | C10: Administración y apoyo general | D10: B.2.1.1 | E10: SECRETARÍA C/ARCHIVO Y FOTOCOP. | F10: 203016A | G10: Mueble Tipo Biblioteca M45_A | H10: 2 | K10: Punto de registro clínico | L10: 201001E | M10: =+SUMIF($G$3:$G$239,K10,$H$3:$H$239) -> 10
B11: 3 | C11: Administración y apoyo general | D11: B.2.1.2 | E11: SECRETARÍA C/ARCHIVO Y FOTOCOP. | F11: 203016A | G11: Mueble Tipo Biblioteca M45_A | H11: 2 | K11: Mesa Tipo Casino Redonda 90 cm | L11: 201011B | M11: =+SUMIF($G$3:$G$239,K11,$H$3:$H$239) -> 4
B12: 3 | C12: Administración y apoyo general | D12: B.2.2 | E12: OFICINA SUBDIRECTOR ADMINISTRATIVO | F12: 201008 | G12: Mesa Reuniones Tipo I | H12: 1 | K12: Mesa Reuniones Tipo II | L12: 201009 | M12: =+SUMIF($G$3:$G$239,K12,$H$3:$H$239) -> 1
B13: 3 | C13: Administración y apoyo general | D13: B.2.2 | E13: OFICINA SUBDIRECTOR ADMINISTRATIVO | F13: 201001B | G13: Escritorio en L administrativo | H13: 1 | K13: Mesa Tipo Casino Circular | L13: 201011A | M13: =+SUMIF($G$3:$G$239,K13,$H$3:$H$239) -> 2
B14: 3 | C14: Administración y apoyo general | D14: B.2.2 | E14: OFICINA SUBDIRECTOR ADMINISTRATIVO | F14: 203016A | G14: Mueble Tipo Biblioteca M45_A | H14: 1 | K14: Mesa Lateral | L14: 201002 | M14: =+SUMIF($G$3:$G$239,K14,$H$3:$H$239) -> 2
B15: 3 | C15: Administración y apoyo general | D15: B.2.3 | E15: OFICINA SUBDIRECTOR MÉDICO | F15: 201008 | G15: Mesa Reuniones Tipo I | H15: 1 | K15: TOTAL | M15: =SUM(M5:M14) -> 244
B16: 3 | C16: Administración y apoyo general | D16: B.2.3 | E16: OFICINA SUBDIRECTOR MÉDICO | F16: 201001B | G16: Escritorio en L administrativo | H16: 1
B17: 3 | C17: Administración y apoyo general | D17: B.2.3 | E17: OFICINA SUBDIRECTOR MÉDICO | F17: 203016A | G17: Mueble Tipo Biblioteca M45_A | H17: 1
B18: 3 | C18: Administración y apoyo general | D18: B.3.2.1 | E18: OF. JEFE CONTROL DE GESTIÓN | F18: 201008 | G18: Mesa Reuniones Tipo I | H18: 1
B19: 3 | C19: Administración y apoyo general | D19: B.3.2.1 | E19: OF. JEFE CONTROL DE GESTIÓN | F19: 201001B | G19: Escritorio en L administrativo | H19: 1
B20: 3 | C20: Administración y apoyo general | D20: B.3.2.1 | E20: OF. JEFE CONTROL DE GESTIÓN | F20: 203016A | G20: Mueble Tipo Biblioteca M45_A | H20: 1
B21: 3 | C21: Administración y apoyo general | D21: B.3.2.2 | E21: SECRETARÍA C/ARCHIVO Y FOTOCO. | F21: 201001B | G21: Escritorio en L administrativo | H21: 1
B22: 3 | C22: Administración y apoyo general | D22: B.3.2.2 | E22: SECRETARÍA C/ARCHIVO Y FOTOCO. | F22: 203016A | G22: Mueble Tipo Biblioteca M45_A | H22: 1
B23: 3 | C23: Administración y apoyo general | D23: B.3.2.3 | E23: MÓD. DE TRABAJO (GRD profesionales + administrativo) | F23: 201001B | G23: Escritorio en L administrativo | H23: 4
B24: 3 | C24: Administración y apoyo general | D24: B.3.2.3 | E24: MÓD. DE TRABAJO (GRD profesionales + administrativo) | F24: 203016A | G24: Mueble Tipo Biblioteca M45_A | H24: 4
B25: 3 | C25: Administración y apoyo general | D25: B.3.2.4 | E25: MÓD. TRABAJO (Winsig) | F25: 201001B | G25: Escritorio en L administrativo | H25: 1
B26: 3 | C26: Administración y apoyo general | D26: B.3.2.4 | E26: MÓD. TRABAJO (Winsig) | F26: 203016A | G26: Mueble Tipo Biblioteca M45_A | H26: 1
B27: 3 | C27: Administración y apoyo general | D27: B.3.3.1 | E27: SECRETARIA C/ARCHIVO, FOTOCOP. | F27: 201001B | G27: Escritorio en L administrativo | H27: 1
B28: 3 | C28: Administración y apoyo general | D28: B.3.3.1 | E28: SECRETARIA C/ARCHIVO, FOTOCOP. | F28: 203016A | G28: Mueble Tipo Biblioteca M45_A | H28: 1
B29: 3 | C29: Administración y apoyo general | D29: B.3.3.2 | E29: MÓD. TRABAJO (calidad) | F29: 201001B | G29: Escritorio en L administrativo | H29: 3
B30: 3 | C30: Administración y apoyo general | D30: B.3.3.2 | E30: MÓD. TRABAJO (calidad) | F30: 203016A | G30: Mueble Tipo Biblioteca M45_A | H30: 3
... B36: 3 | C36: Administración y apoyo general | D36: B.3.5.1 | E36: OFICINA ASESOR JURÍDICO | F36: 203016A | G36: Mueble Tipo Biblioteca M45_A | H36: 1
B37: 3 | C37: Administración y apoyo general | D37: B.3.6.1 | E37: OFICINA JEFE AUDITORIA | F37: 201008 | G37: Mesa Reuniones Tipo I | H37: 1
B38: 3 | C38: Administración y apoyo general | D38: B.3.6.1 | E38: OFICINA JEFE AUDITORIA | F38: 201001B | G38: Escritorio en L administrativo | H38: 1
B39: 3 | C39: Administración y apoyo general | D39: B.3.6.1 | E39: OFICINA JEFE AUDITORIA | F39: 203016A | G39: Mueble Tipo Biblioteca M45_A | H39: 1
B40: 3 | C40: Administración y apoyo general | D40: B.3.7.2 | E40: MÓD. DE TRABAJO | F40: 201001A | G40: Escritorio simple 120x70 cm | H40: 1
B41: 3 | C41: Administración y apoyo general | D41: B.3.7.2 | E41: MÓD. DE TRABAJO | F41: 203016A | G41: Mueble Tipo Biblioteca M45_A | H41: 1
B42: 3 | C42: Administración y apoyo general | D42: B.4.1 | E42: COORDINADOR GESTIÓN DEL CUIDADO AT. ABIERTA | F42: 201001B | G42: Escritorio en L administrativo | H42: 2
B43: 3 | C43: Administración y apoyo general | D43: B.4.1 | E43: COORDINADOR GESTIÓN DEL CUIDADO AT. ABIERTA | F43: 203016A | G43: Mueble Tipo Biblioteca M45_A | H43: 2
B44: 3 | C44: Administración y apoyo general | D44: B.4.2 | E44: COORDINADOR GESTIÓN DEL CUIDADO AT. CERRADA | F44: 201001B | G44: Escritorio en L administrativo | H44: 1
B45: 3 | C45: Administración y apoyo general | D45: B.4.2 | E45: COORDINADOR GESTIÓN DEL CUIDADO AT. CERRADA | F45: 203016A | G45: Mueble Tipo Biblioteca M45_A | H45: 1
B46: 3 | C46: Administración y apoyo general | D46: B.5.1 | E46: SALA DE REUNIONES (25pp) | F46: 201010 | G46: Mesa Reuniones Tipo III | H46: 1
B47: 3 | C47: Administración y apoyo general | D47: B.5.1 | E47: SALA DE REUNIONES (25pp) | F47: 203016A | G47: Mueble Tipo Biblioteca M45_A | H47: 1
B48: 3 | C48: Administración y apoyo general | D48: C.1.1.1 | E48: COORDINADOR GESTIÓN DE PACIENTES | F48: 201001B | G48: Escritorio en L administrativo | H48: 1
B49: 3 | C49: Administración y apoyo general | D49: C.1.1.1 | E49: COORDINADOR GESTIÓN DE PACIENTES | F49: 203016A | G49: Mueble Tipo Biblioteca M45_A | H49: 1
B50: 3 | C50: Administración y apoyo general | D50: C.2.1.2 | E50: OFICINA SECRETARÍA | F50: 201001B | G50: Escritorio en L administrativo | H50: 1
B51: 3 | C51: Administración y apoyo general | D51: C.2.1.2 | E51: OFICINA SECRETARÍA | F51: 203016A | G51: Mueble Tipo Biblioteca M45_A | H51: 1
B52: 3 | C52: Administración y apoyo general | D52: C.2.1.3 | E52: OFICINA JEFE CR ATENCIÓN ABIERTA | F52: 201008 | G52: Mesa Reuniones Tipo I | H52: 1
B53: 3 | C53: Administración y apoyo general | D53: C.2.1.3 | E53: OFICINA JEFE CR ATENCIÓN ABIERTA | F53: 201001B | G53: Escritorio en L administrativo | H53: 1
B54: 3 | C54: Administración y apoyo general | D54: C.2.1.3 | E54: OFICINA JEFE CR ATENCIÓN ABIERTA | F54: 203016A | G54: Mueble Tipo Biblioteca M45_A | H54: 1
B55: 3 | C55: Administración y apoyo general | D55: C.2.2.1.8 | E55: SECRETARIA C/ARCH. Y FOTO | F55: 201001B | G55: Escritorio en L administrativo | H55: 1
B56: 3 | C56: Administración y apoyo general | D56: C.2.2.1.8 | E56: SECRETARIA C/ARCH. Y FOTO | F56: 203016A | G56: Mueble Tipo Biblioteca M45_A | H56: 1
B57: 3 | C57: Administración y apoyo general | D57: C.2.2.1.9 | E57: OFICINA JEFE CAE | F57: 201008 | G57: Mesa Reuniones Tipo I | H57: 1
B58: 3 | C58: Administración y apoyo general | D58: C.2.2.1.9 | E58: OFICINA JEFE CAE | F58: 201001B | G58: Escritorio en L administrativo | H58: 1
B59: 3 | C59: Administración y apoyo general | D59: C.2.2.1.9 | E59: OFICINA JEFE CAE | F59: 203016A | G59: Mueble Tipo Biblioteca M45_A | H59: 1
B60: 3 | C60: Administración y apoyo general | D60: C.5.1.2 | E60: OF. JEFE CR APOYO CLÍNICO | F60: 201008 | G60: Mesa Reuniones Tipo I | H60: 1
B61: 3 | C61: Administración y apoyo general | D61: C.5.1.2 | E61: OF. JEFE CR APOYO CLÍNICO | F61: 201001B | G61: Escritorio en L administrativo | H61: 1
B62: 3 | C62: Administración y apoyo general | D62: C.5.1.2 | E62: OF. JEFE CR APOYO CLÍNICO | F62: 203016A | G62: Mueble Tipo Biblioteca M45_A | H62: 1
B63: 3 | C63: Administración y apoyo general | D63: C.5.1.5 | E63: SECRETARÍA C/ARCHIVO Y FOTOCOPIADORA | F63: 201001B | G63: Escritorio en L administrativo | H63: 1
B64: 3 | C64: Administración y apoyo general | D64: C.5.1.5 | E64: SECRETARÍA C/ARCHIVO Y FOTOCOPIADORA | F64: 203016A | G64: Mueble Tipo Biblioteca M45_A | H64: 1
B65: 3 | C65: Administración y apoyo general | D65: C.5.10.1 | E65: SALA DE REUNIONES (20 pp) | F65: 201010 | G65: Mesa Reuniones Tipo III | H65: 1
B66: 3 | C66: Administración y apoyo general | D66: C.5.10.1 | E66: SALA DE REUNIONES (20 pp) | F66: 203016A | G66: Mueble Tipo Biblioteca M45_A | H66: 1
B67: 3 | C67: Administración y apoyo general | D67: D.1.1.2.1 | E67: OF. COORDINADOR REGISTRO Y ESTADÍSTICA | F67: 201008 | G67: Mesa Reuniones Tipo I | H67: 1
B68: 3 | C68: Administración y apoyo general | D68: D.1.1.2.1 | E68: OF. COORDINADOR REGISTRO Y ESTADÍSTICA | F68: 201001B | G68: Escritorio en L administrativo | H68: 1
B69: 3 | C69: Administración y apoyo general | D69: D.1.1.2.1 | E69: OF. COORDINADOR REGISTRO Y ESTADÍSTICA | F69: 203016A | G69: Mueble Tipo Biblioteca M45_A | H69: 1
B70: 3 | C70: Administración y apoyo general | D70: D.1.1.2.2 | E70: MÓDULOS DE TRABAJO (sala de digitalización datos) | F70: 201001B | G70: Escritorio en L administrativo | H70: 4
B71: 3 | C71: Administración y apoyo general | D71: D.1.1.2.2 | E71: MÓDULOS DE TRABAJO (sala de digitalización datos) | F71: 203016A | G71: Mueble Tipo Biblioteca M45_A | H71: 4
B72: 3 | C72: Administración y apoyo general | D72: D.1.1.3.1 | E72: MÓDULO DE TRABAJO (encargado archivo) | F72: 201001B | G72: Escritorio en L administrativo | H72: 1
B73: 3 | C73: Administración y apoyo general | D73: D.1.1.3.1 | E73: MÓDULO DE TRABAJO (encargado archivo) | F73: 203016A | G73: Mueble Tipo Biblioteca M45_A | H73: 1
B74: 3 | C74: Administración y apoyo general | D74: D.1.1.3.3 | E74: MÓD. DE TRABAJO | F74: 201001B | G74: Escritorio en L administrativo | H74: 2
B75: 3 | C75: Administración y apoyo general | D75: D.1.1.3.3 | E75: MÓD. DE TRABAJO | F75: 203016A | G75: Mueble Tipo Biblioteca M45_A | H75: 2
B76: 3 | C76: Administración y apoyo general | D76: D.1.1.3.4 | E76: ARCHIVO FICHAS ACTIVAS | F76: 201001E | G76: Punto de registro clínico | H76: 1
B77: 3 | C77: Administración y apoyo general | D77: D.1.1.3.5 | E77: ARCHIVO FICHAS PACIVAS | F77: 201001E | G77: Punto de registro clínico | H77: 1
B78: 3 | C78: Administración y apoyo general | D78: D.1.1.3.6 | E78: ÁREA DE CONSULTA FICHAS | F78: 201001A | G78: Escritorio simple 120x70 cm | H78: 2
B79: 3 | C79: Administración y apoyo general | D79: D.2.1.1 | E79: SECRETARIA C/ARCHIVO, FOTOCOP. | F79: 201001B | G79: Escritorio en L administrativo | H79: 2
B80: 3 | C80: Administración y apoyo general | D80: D.2.1.1 | E80: SECRETARIA C/ARCHIVO, FOTOCOP. | F80: 203016A | G80: Mueble Tipo Biblioteca M45_A | H80: 2
B81: 3 | C81: Administración y apoyo general | D81: D.2.1.2 | E81: OF. JEFE CR GESTIÓN LOGÍSTICA | F81: 201008 | G81: Mesa Reuniones Tipo I | H81: 1
B82: 3 | C82: Administración y apoyo general | D82: D.2.1.2 | E82: OF. JEFE CR GESTIÓN LOGÍSTICA | F82: 201001B | G82: Escritorio en L administrativo | H82: 1
B83: 3 | C83: Administración y apoyo general | D83: D.2.1.2 | E83: OF. JEFE CR GESTIÓN LOGÍSTICA | F83: 203016A | G83: Mueble Tipo Biblioteca M45_A | H83: 1
B84: 3 | C84: Administración y apoyo general | D84: D.2.1.3 | E84: OFICINA MEDIOAMBIENTAL | F84: 201001B | G84: Escritorio en L administrativo | H84: 1
B85: 3 | C85: Administración y apoyo general | D85: D.2.1.3 | E85: OFICINA MEDIOAMBIENTAL | F85: 203016A | G85: Mueble Tipo Biblioteca M45_A | H85: 1
B86: 3 | C86: Administración y apoyo general | D86: D.3.1.1.1 | E86: SECRETARÍA C/ARCHIVO Y FOTOCOPIADORA | F86: 201001B | G86: Escritorio en L administrativo | H86: 1
B87: 3 | C87: Administración y apoyo general | D87: D.3.1.1.1 | E87: SECRETARÍA C/ARCHIVO Y FOTOCOPIADORA | F87: 203016A | G87: Mueble Tipo Biblioteca M45_A | H87: 1
B88: 3 | C88: Administración y apoyo general | D88: D.3.1.2 | E88: OFICINA JEFE DE FINANZAS | F88: 201008 | G88: Mesa Reuniones Tipo I | H88: 1
B89: 3 | C89: Administración y apoyo general | D89: D.3.1.2 | E89: OFICINA JEFE DE FINANZAS | F89: 201001B | G89: Escritorio en L administrativo | H89: 1
B90: 3 | C90: Administración y apoyo general | D90: D.3.1.2 | E90: OFICINA JEFE DE FINANZAS | F90: 203016A | G90: Mueble Tipo Biblioteca M45_A | H90: 1
B91: 3 | C91: Administración y apoyo general | D91: D.3.2.1.1 | E91: COORDINADOR CONTABILIDAD Y PRESUPUESTO | F91: 201001B | G91: Escritorio en L administrativo | H91: 2
B92: 3 | C92: Administración y apoyo general | D92: D.3.2.1.1 | E92: COORDINADOR CONTABILIDAD Y PRESUPUESTO | F92: 203016A | G92: Mueble Tipo Biblioteca M45_A | H92: 2
B93: 3 | C93: Administración y apoyo general | D93: D.3.2.1.2 | E93: MÓDULOS DE TRABAJO (control activos y existencia) | F93: 201001A | G93: Escritorio simple 120x70 cm | H93: 6
B94: 3 | C94: Administración y apoyo general | D94: D.3.2.1.2 | E94: MÓDULOS DE TRABAJO (control activos y existencia) | F94: 203016A | G94: Mueble Tipo Biblioteca M45_A | H94: 4
B95: 3 | C95: Administración y apoyo general | D95: D.3.2.1.3 | E95: MÓDULO DE TRABAJO (presupuesto) | F95: 201001B | G95: Escritorio en L administrativo | H95: 1
B96: 3 | C96: Administración y apoyo general | D96: D.3.2.1.3 | E96: MÓDULO DE TRABAJO (presupuesto) | F96: 203016A | G96: Mueble Tipo Biblioteca M45_A | H96: 1
B97: 3 | C97: Administración y apoyo general | D97: D.3.2.1.4 | E97: MÓDULO DE TRABAJO (gestión financiera) | F97: 201001B | G97: Escritorio en L administrativo | H97: 1
B98: 3 | C98: Administración y apoyo general | D98: D.3.2.1.4 | E98: MÓDULO DE TRABAJO (gestión financiera) | F98: 203016A | G98: Mueble Tipo Biblioteca M45_A | H98: 1
B99: 3 | C99: Administración y apoyo general | D99: D.3.2.2.2 | E99: COORDINADOR TESORERÍA | F99: 201001B | G99: Escritorio en L administrativo | H99: 1
B100: 3 | C100: Administración y apoyo general | D100: D.3.2.2.2 | E100: COORDINADOR TESORERÍA | F100: 203016A | G100: Mueble Tipo Biblioteca M45_A | H100: 1
... B107: 3 | C107: Administración y apoyo general | D107: D.4.1.1 | E107: SECRETARIA C/ARCHIVO, FOTOCOP. | F107: 203016A | G107: Mueble Tipo Biblioteca M45_A | H107: 1
B108: 3 | C108: Administración y apoyo general | D108: D.4.1.2 | E108: OF. JEFE CR GESTIÓN DE LAS PERSONAS | F108: 201008 | G108: Mesa Reuniones Tipo I | H108: 1
B109: 3 | C109: Administración y apoyo general | D109: D.4.1.2 | E109: OF. JEFE CR GESTIÓN DE LAS PERSONAS | F109: 201001B | G109: Escritorio en L administrativo | H109: 1
B110: 3 | C110: Administración y apoyo general | D110: D.4.1.2 | E110: OF. JEFE CR GESTIÓN DE LAS PERSONAS | F110: 203016A | G110: Mueble Tipo Biblioteca M45_A | H110: 1
B111: 3 | C111: Administración y apoyo general | D111: D.4.2.1 | E111: SECRETARÍA C/ARCHIVO Y FOTOCOPIADORA | F111: 201001B | G111: Escritorio en L administrativo | H111: 1
...

Sheet Despacho_05_20260810
B2: Piso | C2: Servicio | D2: Codigo de recinto referencial | E2: Nombre Recinto | F2: Tipo Equipo/ Mobiliario | G2: Nombre | H2: Cantidad | J2: DETALLE
B3: 4 | C3: Administración y apoyo general | D3: C.3.6.1.1 | E3: OFICINA JEFE GINECOLOGÍA Y OBSTETRICIA | F3: 201008 | G3: Mesa Reuniones Tipo I | H3: 1 | J3: Tipo | K3: Nombre | L3: Cantidad
B4: 4 | C4: Administración y apoyo general | D4: C.3.6.1.1 | E4: OFICINA JEFE GINECOLOGÍA Y OBSTETRICIA | F4: 201001B | G4: Escritorio en L administrativo | H4: 1 | J4: 201008 | K4: Mesa Reuniones Tipo I | L4: =+SUMIF($F$3:$F$239,J4,$H$3:$H$239) -> 4
B5: 4 | C5: Administración y apoyo general | D5: C.3.6.1.1 | E5: OFICINA JEFE GINECOLOGÍA Y OBSTETRICIA | F5: 203016A | G5: Mueble Tipo Biblioteca M45_A | H5: 1 | J5: 201001B | K5: Escritorio en L administrativo | L5: =+SUMIF($F$3:$F$239,J5,$H$3:$H$239) -> 10
B6: 4 | C6: Administración y apoyo general | D6: C.3.6.1.12 | E6: MÓDULO TRABAJO SUPERVISOR | F6: 201001B | G6: Escritorio en L administrativo | H6: 1 | J6: 203016A | K6: Mueble Tipo Biblioteca M45_A | L6: =+SUMIF($F$3:$F$239,J6,$H$3:$H$239) -> 21
B7: 4 | C7: Administración y apoyo general | D7: C.3.6.1.12 | E7: MÓDULO TRABAJO SUPERVISOR | F7: 203016A | G7: Mueble Tipo Biblioteca M45_A | H7: 1 | J7: 201002 | K7: Mesa Lateral | L7: =+SUMIF($F$3:$F$239,J7,$H$3:$H$239) -> 26
B8: 4 | C8: Administración y apoyo general | D8: C.3.6.1.2 | E8: COORDINADOR GINECOLOGÍA Y OBSTETRICIA | F8: 201001B | G8: Escritorio en L administrativo | H8: 1 | J8: 201001A | K8: Escritorio simple 120x70 cm | L8: =+SUMIF($F$3:$F$239,J8,$H$3:$H$239) -> 13
B9: 4 | C9: Administración y apoyo general | D9: C.3.6.1.2 | E9: COORDINADOR GINECOLOGÍA Y OBSTETRICIA | F9: 203016A | G9: Mueble Tipo Biblioteca M45_A | H9: 1 | J9: 201010 | K9: Mesa Reuniones Tipo III | L9: =+SUMIF($F$3:$F$239,J9,$H$3:$H$239) -> 2
B10: 4 | C10: Administración y apoyo general | D10: C.3.6.1.3 | E10: SALA DE ESPERA | F10: 201002 | G10: Mesa Lateral | H10: 5 | J10: 201004 | K10: Mesa Párvulo Tipo I | L10: =+SUMIF($F$3:$F$239,J10,$H$3:$H$239) -> 1
B11: 4 | C11: Administración y apoyo general | D11: C.3.6.1.31.3 | E11: COORDINADOR NEONATOLOGÍA | F11: 201001B | G11: Escritorio en L administrativo | H11: 1 | J11: 201011A | K11: Mesa Tipo Casino | L11: =+SUMIF($F$3:$F$239,J11,$H$3:$H$239) -> 2
B12: 4 | C12: Administración y apoyo general | D12: C.3.6.1.31.3 | E12: COORDINADOR NEONATOLOGÍA | F12: 203016A | G12: Mueble Tipo Biblioteca M45_A | H12: 1 | J12: TOTAL | L12: =SUM(L4:L11) -> 79
B13: 4 | C13: Administración y apoyo general | D13: C.3.6.1.41.1 | E13: ESTAR PERSONAL C/ KITCHENETTE | F13: 201011B | G13: Mesa Tipo Casino Redonda 90 cm | H13: 1
B14: 4 | C14: Administración y apoyo general | D14: C.3.6.1.41.2 | E14: ESTAR PERSONAL C/ KITCHENETTE | F14: 201011B | G14: Mesa Tipo Casino Redonda 90 cm | H14: 1
B15: 4 | C15: Administración y apoyo general | D15: C.3.6.1.6 | E15: SALA DE ESTAR FAMILIARES Y ENTREVISTAS | F15: 201002 | G15: Mesa Lateral | H15: 1
B16: 4 | C16: Administración y apoyo general | D16: C.3.6.1.6 | E16: SALA DE ESTAR FAMILIARES Y ENTREVISTAS | F16: 201011B | G16: Mesa Tipo Casino Redonda 90 cm | H16: 1
B17: 4 | C17: Chile Crece Contigo | D17: C.3.6.1.10 | E17: SALA TALLER CHILE CRECE CONTIGO | F17: 201008 | G17: Mesa Reuniones Tipo I | H17: 1
B18: 4 | C18: Hospitalización | D18: C.3.6.1.9 | E18: OFICINA CHILE CRECE CONTIGO | F18: 201001A | G18: Escritorio simple 120x70 cm | H18: 2
B19: 4 | C19: Hospitalización | D19: C.3.6.1.9 | E19: OFICINA CHILE CRECE CONTIGO | F19: 203016A | G19: Mueble Tipo Biblioteca M45_A | H19: 2
B20: 4 | C20: Neonatología | D20: C.3.6.1.30.1 | E20: SALA DE ENTREVISTAS | F20: 201001B | G20: Escritorio en L administrativo | H20: 1
B21: 4 | C21: Neonatología | D21: C.3.6.1.30.1 | E21: SALA DE ENTREVISTAS | F21: 203016A | G21: Mueble Tipo Biblioteca M45_A | H21: 1
B22: 4 | C22: Neonatología | D22: C.3.8.2.1 | E22: ESTAR PERSONAL C/ KITCHENETTE | F22: 201011B | G22: Mesa Tipo Casino Redonda 90 cm | H22: 1
B23: 4 | C23: SEDILE | D23: C.5.8.1.2.1 | E23: OFICINA NUTRICIONISTA | F23: 201001A | G23: Escritorio simple 120x70 cm | H23: 1
B24: 4 | C24: SEDILE | D24: C.5.8.1.2.1 | E24: OFICINA NUTRICIONISTA | F24: 203016A | G24: Mueble Tipo Biblioteca M45_A | H24: 1
B25: 4 | C25: SEDILE | D25: C.5.8.1.2.2 | E25: ESTAR PERSONAL C/ KITCHENETTE | F25: 201011B | G25: Mesa Tipo Casino Redonda 90 cm | H25: 1
B26: 5 | C26: Administración y apoyo general | D26: C.3.4.2.1 | E26: SALA DE ESPERA | F26: 201002 | G26: Mesa Lateral | H26: 3
B27: 5 | C27: Administración y apoyo general | D27: C.3.4.2.19 | E27: ESTAR PERSONAL C/ KITCHENETTE | F27: 201011B | G27: Mesa Tipo Casino Redonda 90 cm | H27: 1
B28: 5 | C28: Administración y apoyo general | D28: C.3.4.2.4 | E28: MÓDULO TRABAJO SUPERVISOR | F28: 201001A | G28: Escritorio simple 120x70 cm | H28: 3
B29: 5 | C29: Administración y apoyo general | D29: C.3.4.2.4 | E29: MÓDULO TRABAJO SUPERVISOR | F29: 203016A | G29: Mueble Tipo Biblioteca M45_A | H29: 3
B30: 5 | C30: Administración y apoyo general | D30: C.3.4.2.9 | E30: SALA MULTIUSO | F30: 201010 | G30: Mesa Reuniones Tipo III | H30: 1
B31: 5 | C31: Administración y apoyo general | D31: C.3.5.1 | E31: OFICINA JEFE MQ INFANTIL | F31: 201008 | G31: Mesa Reuniones Tipo I | H31: 1
B32: 5 | C32: Administración y apoyo general | D32: C.3.5.1 | E32: OFICINA JEFE MQ INFANTIL | F32: 201001B | G32: Escritorio en L administrativo | H32: 1
B33: 5 | C33: Administración y apoyo general | D33: C.3.5.1 | E33: OFICINA JEFE MQ INFANTIL | F33: 203016A | G33: Mueble Tipo Biblioteca M45_A | H33: 1
B34: 5 | C34: Administración y apoyo general | D34: C.3.5.10 | E34: MÓDULO TRABAJO SUPERVISOR | F34: 201001A | G34: Escritorio simple 120x70 cm | H34: 1
B35: 5 | C35: Administración y apoyo general | D35: C.3.5.10 | E35: MÓDULO TRABAJO SUPERVISOR | F35: 203016A | G35: Mueble Tipo Biblioteca M45_A | H35: 1
B36: 5 | C36: Administración y apoyo general | D36: C.3.5.31 | E36: ESTAR PERSONAL C/ KITCHENETTE | F36: 201011B | G36: Mesa Tipo Casino Redonda 90 cm | H36: 1
B37: 5 | C37: Administración y apoyo general | D37: C.3.5.34 | E37: AULA HOSPITALARIA | F37: 201004 | G37: Mesa Párvulo Tipo I | H37: 1
B38: 5 | C38: Administración y apoyo general | D38: C.3.5.34 | E38: AULA HOSPITALARIA | F38: 201008 | G38: Mesa Reuniones Tipo I | H38: 1
B39: 5 | C39: Administración y apoyo general | D39: C.3.5.4 | E39: SALA DE ESPERA | F39: 201002 | G39: Mesa Lateral | H39: 2
B40: 5 | C40: Administración y apoyo general | D40: C.3.5.7 | E40: SALA DE ESTAR FAMILIARES Y ENTREVISTAS | F40: 201002 | G40: Mesa Lateral | H40: 1
B41: 5 | C41: Administración y apoyo general | D41: C.3.5.7 | E41: SALA DE ESTAR FAMILIARES Y ENTREVISTAS | F41: 201011B | G41: Mesa Tipo Casino Redonda 90 cm | H41: 1
B42: 6 | C42: Administración y apoyo general | D42: C.3.2.2 | E42: OFICINA JEFE CR ATENCIÓN CERRADA | F42: 201001B | G42: Escritorio en L administrativo | H42: 1
B43: 6 | C43: Administración y apoyo general | D43: C.3.2.2 | E43: OFICINA JEFE CR ATENCIÓN CERRADA | F43: 203016A | G43: Mueble Tipo Biblioteca M45_A | H43: 1
B44: 6 | C44: Administración y apoyo general | D44: C.3.2.3 | E44: SECRETARIA | F44: 201001B | G44: Escritorio en L administrativo | H44: 1
B45: 6 | C45: Administración y apoyo general | D45: C.3.2.3 | E45: SECRETARIA | F45: 203016A | G45: Mueble Tipo Biblioteca M45_A | H45: 1
B46: 6 | C46: Administración y apoyo general | D46: C.3.4.1.1 | E46: OFICINA JEFE MQ ADULTO | F46: 201001B | G46: Escritorio en L administrativo | H46: 1
B47: 6 | C47: Administración y apoyo general | D47: C.3.4.1.1 | E47: OFICINA JEFE MQ ADULTO | F47: 203016A | G47: Mueble Tipo Biblioteca M45_A | H47: 1
B48: 6 | C48: Administración y apoyo general | D48: C.3.4.4.1 | E48: SALA DE ESPERA | F48: 201002 | G48: Mesa Lateral | H48: 5
B49: 6 | C49: Administración y apoyo general | D49: C.3.4.4.24.1 | E49: ESTAR PERSONAL C/ KITCHENETTE | F49: 201011B | G49: Mesa Tipo Casino Redonda 90 cm | H49: 1
B50: 6 | C50: Administración y apoyo general | D50: C.3.4.4.24.2 | E50: ESTAR PERSONAL C/ KITCHENETTE | F50: 201011B | G50: Mesa Tipo Casino Redonda 90 cm | H50: 1
B51: 6 | C51: Administración y apoyo general | D51: C.3.4.4.4 | E51: SALA DE ESTAR FAMILIARES Y ENTREVISTAS | F51: 201002 | G51: Mesa Lateral | H51: 2
B52: 6 | C52: Administración y apoyo general | D52: C.3.4.4.4 | E52: SALA DE ESTAR FAMILIARES Y ENTREVISTAS | F52: 201011A | G52: Mesa Tipo Casino Circular | H52: 1
B53: 6 | C53: Administración y apoyo general | D53: C.3.4.4.7.1 | E53: MÓDULO TRABAJO SUPERIOR | F53: 201001B | G53: Escritorio en L administrativo | H53: 1
B54: 6 | C54: Administración y apoyo general | D54: C.3.4.4.7.1 | E54: MÓDULO TRABAJO SUPERIOR | F54: 203016A | G54: Mueble Tipo Biblioteca M45_A | H54: 1
B55: 6 | C55: Administración y apoyo general | D55: C.3.8.1 | E55: SALA DE REUNIONES (20 pp) | F55: 201010 | G55: Mesa Reuniones Tipo III | H55: 1
B56: 6 | C56: Telemedicina | D56: C.3.8.4.1 | E56: SALA TELEMEDICINA | F56: 201001A | G56: Escritorio simple 120x70 cm | H56: 1
B57: 6 | C57: Telemedicina | D57: C.3.8.4.2 | E57: SALA TELEMEDICINA | F57: 201001A | G57: Escritorio simple 120x70 cm | H57: 1
B58: 7 | C58: Administración y apoyo general | D58: A.1.2 | E58: SALA VOLUNTARIADO | F58: 201001A | G58: Escritorio simple 120x70 cm | H58: 3
B59: 7 | C59: Administración y apoyo general | D59: A.1.2 | E59: SALA VOLUNTARIADO | F59: 203016A | G59: Mueble Tipo Biblioteca M45_A | H59: 3
B60: 7 | C60: Administración y apoyo general | D60: C.3.4.3.1 | E60: SALA DE ESPERA | F60: 201002 | G60: Mesa Lateral | H60: 5
B61: 7 | C61: Administración y apoyo general | D61: C.3.4.3.24.1 | E61: ESTAR PERSONAL C/ KITCHENETTE | F61: 201011B | G61: Mesa Tipo Casino Redonda 90 cm | H61: 1
B62: 7 | C62: Administración y apoyo general | D62: C.3.4.3.24.2 | E62: ESTAR PERSONAL C/ KITCHENETTE | F62: 201011B | G62: Mesa Tipo Casino Redonda 90 cm | H62: 1
B63: 7 | C63: Administración y apoyo general | D63: C.3.4.3.4 | E63: SALA DE ESTAR FAMILIARES Y ENTREVISTAS | F63: 201002 | G63: Mesa Lateral | H63: 2
B64: 7 | C64: Administración y apoyo general | D64: C.3.4.3.4 | E64: SALA DE ESTAR FAMILIARES Y ENTREVISTAS | F64: 201011A | G64: Mesa Tipo Casino Circular | H64: 1
B65: 7 | C65: Administración y apoyo general | D65: C.3.4.3.7.1 | E65: MÓDULO TRABAJO SUPERVISOR | F65: 201001A | G65: Escritorio simple 120x70 cm | H65: 1
B66: 7 | C66: Administración y apoyo general | D66: C.3.4.3.7.1 | E66: MÓDULO TRABAJO SUPERVISOR | F66: 203016A | G66: Mueble Tipo Biblioteca M45_A | H66: 1

Sheet Acumulado
B2: Despacho | C2: Piso | D2: Servicio | E2: Codigo de recinto referencial | F2: Nombre Recinto | G2: Tipo Equipo/ Mobiliario | H2: Nombre | I2: Cantidad | K2: Nombre | L2: Tipo Equipo/ Mobiliario | M2: Cantidad
B3: 1 | C3: 1 | D3: Diálisis | E3: C.2.3.1 | F3: OFICINA JEFE DIÁLISIS | G3: 201001B | H3: Escritorio en L administrativo | I3: 1 | K3: {=+_xlfn.UNIQUE(H3:H644)} -> Escritorio en L administrativo | L3: =+_xlfn.XLOOKUP(K3,$H$3:$H$644,$G$3:$G$644) -> 201001B | M3: =+SUMIF($H$3:$H$644,K3,$I$3:$I$644) -> 172
B4: 1 | C4: 1 | D4: Diálisis | E4: C.2.3.1 | F4: OFICINA JEFE DIÁLISIS | G4: 203016A | H4: Mueble Tipo Biblioteca M45_A | I4: 1 | K4: Mueble Tipo Biblioteca M45_A | L4: =+_xlfn.XLOOKUP(K4,$H$3:$H$644,$G$3:$G$644) -> 203016A | M4: =+SUMIF($H$3:$H$580,K4,$I$3:$I$580) -> 243
B5: 1 | C5: 1 | D5: Diálisis | E5: C.2.3.12 | F5: BOX EVALUACIÓN | G5: 201001C | H5: Escritorio de Consultas | I5: 1 | K5: Escritorio de Consultas | L5: =+_xlfn.XLOOKUP(K5,$H$3:$H$644,$G$3:$G$644) -> 201001C | M5: =+SUMIF($H$3:$H$580,K5,$I$3:$I$580) -> 53
B6: 1 | C6: 1 | D6: Diálisis | E6: C.2.3.13.1 | F6: PUESTO DIALISADOS CRÓNICOS | G6: 201001A | H6: Escritorio simple 120x70 cm | I6: 1 | K6: Escritorio simple 120x70 cm | L6: =+_xlfn.XLOOKUP(K6,$H$3:$H$644,$G$3:$G$644) -> 201001A | M6: =+SUMIF($H$3:$H$580,K6,$I$3:$I$580) -> 109
B7: 1 | C7: 1 | D7: Diálisis | E7: C.2.3.13.2 | F7: PUESTO DIALISADOS CRÓNICOS | G7: 201001A | H7: Escritorio simple 120x70 cm | I7: 1 | K7: Mesa Reuniones Tipo I | L7: =+_xlfn.XLOOKUP(K7,$H$3:$H$644,$G$3:$G$644) -> 201008 | M7: =+SUMIF($H$3:$H$580,K7,$I$3:$I$580) -> 44
B8: 1 | C8: 1 | D8: Diálisis | E8: C.2.3.13.3 | F8: PUESTO DIALISADOS CRÓNICOS | G8: 201001A | H8: Escritorio simple 120x70 cm | I8: 1 | K8: Mesa Párvulo Tipo I | L8: =+_xlfn.XLOOKUP(K8,$H$3:$H$644,$G$3:$G$644) -> 201004 | M8: =+SUMIF($H$3:$H$580,K8,$I$3:$I$580) -> 7
B9: 1 | C9: 1 | D9: Diálisis | E9: C.2.3.19 | F9: SALA POST-DIALISADOS | G9: 201008 | H9: Mesa Reuniones Tipo I | I9: 1 | K9: Mesa Reuniones Tipo III | L9: =+_xlfn.XLOOKUP(K9,$H$3:$H$644,$G$3:$G$644) -> 201010 | M9: =+SUMIF($H$3:$H$580,K9,$I$3:$I$580) -> 10
B10: 1 | C10: 1 | D10: Diálisis | E10: C.2.3.2 | F10: OFICINA ENFERMERA COORDINADORA (PERITONEO) | G10: 201001A | H10: Escritorio simple 120x70 cm | I10: 1 | K10: Mesa Tipo Casino Circular | L10: =+_xlfn.XLOOKUP(K10,$H$3:$H$644,$G$3:$G$644) -> 201011A | M10: =+SUMIF($H$3:$H$580,K10,$I$3:$I$580) -> 69
B11: 1 | C11: 1 | D11: Diálisis | E11: C.2.3.2 | F11: OFICINA ENFERMERA COORDINADORA (PERITONEO) | G11: 203016A | H11: Mueble Tipo Biblioteca M45_A | I11: 1 | K11: Mesa Lateral | L11: =+_xlfn.XLOOKUP(K11,$H$3:$H$644,$G$3:$G$644) -> 201002 | M11: =+SUMIF($H$3:$H$580,K11,$I$3:$I$580) -> 6
B12: 1 | C12: 1 | D12: Diálisis | E12: C.2.3.39 | F12: OFICINA COORDINADORA (HEMODIALISIS) | G12: 201001B | H12: Escritorio en L administrativo | I12: 1 | K12: Mesa Párvulo Tipo II | L12: =+_xlfn.XLOOKUP(K12,$H$3:$H$644,$G$3:$G$644) -> 201005 | M12: =+SUMIF($H$3:$H$580,K12,$I$3:$I$580) -> 12
B13: 1 | C13: 1 | D13: Diálisis | E13: C.2.3.39 | F13: OFICINA COORDINADORA (HEMODIALISIS) | G13: 203016A | H13: Mueble Tipo Biblioteca M45_A | I13: 1 | K13: Mueble Locker | L13: =+_xlfn.XLOOKUP(K13,$H$3:$H$644,$G$3:$G$644) -> 202012 | M13: =+SUMIF($H$3:$H$580,K13,$I$3:$I$580) -> 8
B14: 1 | C14: 1 | D14: Diálisis | E14: C.2.3.6 | F14: MESÓN DE RECEPCIÓN C/ARCHIVO Y FOTOCOPIADORA | G14: 203016A | H14: Mueble Tipo Biblioteca M45_A | I14: 1 | K14: Mesa Párvulo Inclusión | L14: =+_xlfn.XLOOKUP(K14,$H$3:$H$644,$G$3:$G$644) -> 201003 | M14: =+SUMIF($H$3:$H$580,K14,$I$3:$I$580) -> 2
B15: 1 | C15: 1 | D15: Med física y rehabilitación | E15: C.5.7.1 | F15: MESÓN C/ARCHIVO Y FOTOCOPIADORA | G15: 203016A | H15: Mueble Tipo Biblioteca M45_A | I15: 1 | K15: Mesa Reuniones Tipo II | L15: =+_xlfn.XLOOKUP(K15,$H$3:$H$644,$G$3:$G$644) -> 201009 | M15: =+SUMIF($H$3:$H$580,K15,$I$3:$I$580) -> 16
B16: 1 | C16: 1 | D16: Med física y rehabilitación | E16: C.5.7.15 | F16: GIMNASIO PEDIATRICO | G16: 201004 | H16: Mesa Párvulo Tipo I | I16: 1 | K16: Mesa Tipo Casino Redonda 90 cm | L16: =+_xlfn.XLOOKUP(K16,$H$3:$H$644,$G$3:$G$644) -> 201011B | M16: =+SUMIF($H$3:$H$580,K16,$I$3:$I$580) -> 17
B17: 1 | C17: 1 | D17: Med física y rehabilitación | E17: C.5.7.18 | F17: SALA DE TERAPIA GRUPAL (12 MAX) | G17: 201010 | H17: Mesa Reuniones Tipo III | I17: 1 | K17: Punto de registro clínico | L17: =+_xlfn.XLOOKUP(K17,$H$3:$H$644,$G$3:$G$644) -> 201001E | M17: =+SUMIF($H$3:$H$580,K17,$I$3:$I$580) -> 31
B18: 1 | C18: 1 | D18: Med física y rehabilitación | E18: C.5.7.18 | F18: SALA DE TERAPIA GRUPAL (12 MAX) | G18: 201001A | H18: Escritorio simple 120x70 cm | I18: 1 | K18: Escritorio simple 130x70 cm | L18: =+_xlfn.XLOOKUP(K18,$H$3:$H$644,$G$3:$G$644) -> 201001D | M18: =+SUMIF($H$3:$H$580,K18,$I$3:$I$580) -> 4
B19: 1 | C19: 1 | D19: Med física y rehabilitación | E19: C.5.7.19 | F19: SALA TERÁPIA OCUP. ADULTO E INFANTIL | G19: 201008 | H19: Mesa Reuniones Tipo I | I19: 3 | K19: Mueble Tipo Biblioteca M45_B | L19: =+_xlfn.XLOOKUP(K19,$H$3:$H$644,$G$3:$G$644) -> 203016B | M19: =+SUMIF($H$3:$H$580,K19,$I$3:$I$580) -> 16
B20: 1 | C20: 1 | D20: Med física y rehabilitación | E20: C.5.7.19 | F20: SALA TERÁPIA OCUP. ADULTO E INFANTIL | G20: 203016A | H20: Mueble Tipo Biblioteca M45_A | I20: 1 | M20: =SUM(M3:M19) -> 819
B21: 1 | C21: 1 | D21: Med física y rehabilitación | E21: C.5.7.20 | F21: SALA DE ACTIVDAD DE LA VIDA DIARIA C/BAÑO DE INSTRUCCIÓN | G21: 201011A | H21: Mesa Tipo Casino Circular | I21: 1
B22: 1 | C22: 1 | D22: Med física y rehabilitación | E22: C.5.7.21 | F22: OFICINA JEFE REHABILITACIÓN | G22: 201001B | H22: Escritorio en L administrativo | I22: 1
B23: 1 | C23: 1 | D23: Med física y rehabilitación | E23: C.5.7.21 | F23: OFICINA JEFE REHABILITACIÓN | G23: 203016A | H23: Mueble Tipo Biblioteca M45_A | I23: 1
B24: 1 | C24: 1 | D24: Med física y rehabilitación | E24: C.5.7.22 | F24: OFICINA JEFE COORDINADOR | G24: 201001B | H24: Escritorio en L administrativo | I24: 1
B25: 1 | C25: 1 | D25: Med física y rehabilitación | E25: C.5.7.22 | F25: OFICINA JEFE COORDINADOR | G25: 203016A | H25: Mueble Tipo Biblioteca M45_A | I25: 1
B26: 1 | C26: 1 | D26: Med física y rehabilitación | E26: C.5.7.23 | F26: SALA MULTIUSO | G26: 203016A | H26: Mueble Tipo Biblioteca M45_A | I26: 1
B27: 1 | C27: 1 | D27: Med física y rehabilitación | E27: C.5.7.4.1 | F27: BOX KINESIOLOGO(1) | G27: 201001C | H27: Escritorio de Consultas | I27: 1
B28: 1 | C28: 1 | D28: Med física y rehabilitación | E28: C.5.7.4.2 | F28: BOX PSICOLOGO / A. SOCIAL | G28: 201001C | H28: Escritorio de Consultas | I28: 1
B29: 1 | C29: 1 | D29: Med física y rehabilitación | E29: C.5.7.4.2 | F29: BOX PSICOLOGO / A. SOCIAL | G29: 203016A | H29: Mueble Tipo Biblioteca M45_A | I29: 1
B30: 1 | C30: 1 | D30: Med física y rehabilitación | E30: C.5.7.5.1 | F30: BOX INDIFERENCIADO (FONOAUDIO Y TERAPIA OCU)(1) | G30: 201001C | H30: Escritorio de Consultas | I30: 1
B31: 1 | C31: 1 | D31: Med física y rehabilitación | E31: C.5.7.5.2 | F31: BOX INDIFERENCIADO (FONOAUDIO Y TERAPIA OCU)(2) | G31: 201001C | H31: Escritorio de Consultas | I31: 1
B32: 1 | C32: 1 | D32: Med física y rehabilitación | E32: C.5.7.5.2.1 | F32: BOX FONOAUDIO PEDIATRICO | G32: 201004 | H32: Mesa Párvulo Tipo I | I32: 1
B33: 1 | C33: 1 | D33: Med física y rehabilitación | E33: C.5.7.5.2.1 | F33: BOX FONOAUDIO PEDIATRICO | G33: 201001C | H33: Escritorio de Consultas | I33: 1
B34: 1 | C34: 1 | D34: Morgue | E34: C.5.9.2 | F34: ESPACIO PARA DEUDOS | G34: 201002 | H34: Mesa Lateral | I34: 1
B35: 1 | C35: 1 | D35: Morgue | E35: C.5.9.5 | F35: MESÓN RECEPCIÓN DE REGISTRO DE INFORMES | G35: 201001B | H35: Escritorio en L administrativo | I35: 1
B36: 1 | C36: 1 | D36: Morgue | E36: C.5.9.5 | F36: MESÓN RECEPCIÓN DE REGISTRO DE INFORMES | G36: 203016A | H36: Mueble Tipo Biblioteca M45_A | I36: 1
B37: 1 | C37: 1 | D37: Morgue | E37: C.5.9.7 | F37: VESTIDOR Y ENTREGA FAMILIARES | G37: 201001A | H37: Escritorio simple 120x70 cm | I37: 1
B38: 2 | C38: 1 | D38: Abastecimiento | E38: D.3.3.3.1 | F38: COORDINADOR BODEGA | G38: 201001B | H38: Escritorio en L administrativo | I38: 1
B39: 2 | C39: 1 | D39: Abastecimiento | E39: D.3.3.3.1 | F39: COORDINADOR BODEGA | G39: 203016A | H39: Mueble Tipo Biblioteca M45_A | I39: 1
B40: 2 | C40: 1 | D40: Abastecimiento | E40: D.3.3.3.10 | F40: ESTAR PERSONAL C/ KITCHENETTE | G40: 201011A | H40: Mesa Tipo Casino Circular | I40: 1
B41: 2 | C41: 1 | D41: Abastecimiento | E41: D.3.3.3.11 | F41: ÁREA REGISTRO BODEGA GENERAL | G41: 201001A | H41: Escritorio simple 120x70 cm | I41: 1
B42: 2 | C42: 1 | D42: Abastecimiento | E42: D.3.3.3.11 | F42: ÁREA REGISTRO BODEGA GENERAL | G42: 203016A | H42: Mueble Tipo Biblioteca M45_A | I42: 1
B43: 2 | C43: 1 | D43: Abastecimiento | E43: D.3.3.3.2 | F43: MESÓN DE RECEPCIÓN C/ARCHIVO Y FOTOCOPIADORA | G43: 203016A | H43: Mueble Tipo Biblioteca M45_A | I43: 1
B44: 2 | C44: 1 | D44: Abastecimiento | E44: D.3.3.3.22 | F44: ÁREA REGISTRO BODEGA FARMACIA E INSUMOS | G44: 201001A | H44: Escritorio simple 120x70 cm | I44: 1
B45: 2 | C45: 1 | D45: Abastecimiento | E45: D.3.3.3.22 | F45: ÁREA REGISTRO BODEGA FARMACIA E INSUMOS | G45: 203016A | H45: Mueble Tipo Biblioteca M45_A | I45: 1
B46: 2 | C46: 1 | D46: Consultas medicas generales | E46: A.1.3 | F46: OFICINA INTERCULTURAL | G46: 201001B | H46: Escritorio en L administrativo | I46: 1
B47: 2 | C47: 1 | D47: Consultas medicas generales | E47: A.1.3 | F47: OFICINA INTERCULTURAL | G47: 203016A | H47: Mueble Tipo Biblioteca M45_A | I47: 1
B48: 2 | C48: 1 | D48: Consultas medicas generales | E48: A.1.5 | F48: OFICINA COMPIN | G48: 201008 | H48: Mesa Reuniones Tipo I | I48: 1
B49: 2 | C49: 1 | D49: Consultas medicas generales | E49: A.1.5 | F49: OFICINA COMPIN | G49: 201001B | H49: Escritorio en L administrativo | I49: 1
B50: 2 | C50: 1 | D50: Consultas medicas generales | E50: A.1.5 | F50: OFICINA COMPIN | G50: 203016A | H50: Mueble Tipo Biblioteca M45_A | I50: 1
B51: 2 | C51: 1 | D51: Consultas medicas generales | E51: A.1.6 | F51: OFICINA FONASA | G51: 201008 | H51: Mesa Reuniones Tipo I | I51: 1
B52: 2 | C52: 1 | D52: Consultas medicas generales | E52: A.1.6 | F52: OFICINA FONASA | G52: 201001B | H52: Escritorio en L administrativo | I52: 1
B53: 2 | C53: 1 | D53: Consultas medicas generales | E53: A.1.6 | F53: OFICINA FONASA | G53: 203016A | H53: Mueble Tipo Biblioteca M45_A | I53: 1
B54: 2 | C54: 1 | D54: Consultas medicas generales | E54: B.3.1.1 | F54: OFICINA JEFE OIRS | G54: 201008 | H54: Mesa Reuniones Tipo I | I54: 1
B55: 2 | C55: 1 | D55: Consultas medicas generales | E55: B.3.1.1 | F55: OFICINA JEFE OIRS | G55: 201001B | H55: Escritorio en L administrativo | I55: 1
B56: 2 | C56: 1 | D56: Consultas medicas generales | E56: B.3.1.1 | F56: OFICINA JEFE OIRS | G56: 203016A | H56: Mueble Tipo Biblioteca M45_A | I56: 1
B57: 2 | C57: 1 | D57: Consultas medicas generales | E57: C.1.2.1 | F57: MÓD. DE TRABAJO PROFESIONALES (gestión de la demanda) | G57: 201008 | H57: Mesa Reuniones Tipo I | I57: 1
B58: 2 | C58: 1 | D58: Consultas medicas generales | E58: C.1.2.1 | F58: MÓD. DE TRABAJO PROFESIONALES (gestión de la demanda) | G58: 201001B | H58: Escritorio en L administrativo | I58: 1
B59: 2 | C59: 1 | D59: Consultas medicas generales | E59: C.1.2.1 | F59: MÓD. DE TRABAJO PROFESIONALES (gestión de la demanda) | G59: 203016A | H59: Mueble Tipo Biblioteca M45_A | I59: 1
B60: 2 | C60: 1 | D60: Consultas medicas generales | E60: C.1.2.1.1 | F60: MÓDULO DE TRABAJO PROFESIONALES GES | G60: 201001A | H60: Escritorio simple 120x70 cm | I60: 1
B61: 2 | C61: 1 | D61: Consultas medicas generales | E61: C.1.2.1.2 | F61: MÓDULO DE TRABAJO PROFESIONALES LISTA DE ESPERA | G61: 201001A | H61: Escritorio simple 120x70 cm | I61: 1
B62: 2 | C62: 1 | D62: Consultas medicas generales | E62: C.1.2.1.3 | F62: MÓD. DE TRABAJO PROFESIONALES (gestión de la demanda) | G62: 201001A | H62: Escritorio simple 120x70 cm | I62: 1
B63: 2 | C63: 1 | D63: Consultas medicas generales | E63: C.1.2.1.3 | F63: MÓD. DE TRABAJO PROFESIONALES (gestión de la demanda) | G63: 203016A | H63: Mueble Tipo Biblioteca M45_A | I63: 1
B64: 2 | C64: 1 | D64: Consultas medicas generales | E64: C.1.2.2 | F64: MÓDULO DE TRABAJO ADMINISTRATIVOS GES | G64: 201008 | H64: Mesa Reuniones Tipo I | I64: 1
B65: 2 | C65: 1 | D65: Consultas medicas generales | E65: C.1.2.2 | F65: MÓDULO DE TRABAJO ADMINISTRATIVOS GES | G65: 201001A | H65: Escritorio simple 120x70 cm | I65: 3
B66: 2 | C66: 1 | D66: Consultas medicas generales | E66: C.1.2.2 | F66: MÓDULO DE TRABAJO ADMINISTRATIVOS GES | G66: 203016A | H66: Mueble Tipo Biblioteca M45_A | I66: 3
B67: 2 | C67: 1 | D67: Consultas medicas generales | E67: C.1.2.2.1 | F67: MÓDULO DE TRABAJO ADMINISTRATIVOS MANTENCIÓN DE AGENDA | G67: 201001B | H67: Escritorio en L administrativo | I67: 2
B68: 2 | C68: 1 | D68: Consultas medicas generales | E68: C.1.2.2.1 | F68: MÓDULO DE TRABAJO ADMINISTRATIVOS MANTENCIÓN DE AGENDA | G68: 203016A | H68: Mueble Tipo Biblioteca M45_A | I68: 2
B69: 2 | C69: 1 | D69: Consultas medicas generales | E69: C.1.2.2.2 | F69: MÓDULO DE TRABAJO ADMINISTRATIVOS LISTA DE ESPERA | G69: 201001B | H69: Escritorio en L administrativo | I69: 2
B70: 2 | C70: 1 | D70: Consultas medicas generales | E70: C.1.2.2.2 | F70: MÓDULO DE TRABAJO ADMINISTRATIVOS LISTA DE ESPERA | G70: 203016A | H70: Mueble Tipo Biblioteca M45_A | I70: 2
B71: 2 | C71: 1 | D71: Consultas medicas generales | E71: D.1.1.1.1 | F71: OFICINA JEFE SOME | G71: 201008 | H71: Mesa Reuniones Tipo I | I71: 1
B72: 2 | C72: 1 | D72: Consultas medicas generales | E72: D.1.1.1.1 | F72: OFICINA JEFE SOME | G72: 201001B | H72: Escritorio en L administrativo | I72: 1
B73: 2 | C73: 1 | D73: Consultas medicas generales | E73: D.1.1.1.1 | F73: OFICINA JEFE SOME | G73: 203016A | H73: Mueble Tipo Biblioteca M45_A | I73: 1
B74: 2 | C74: 1 | D74: Consultas medicas generales | E74: D.1.1.1.2 | F74: SECRETARIA C/ARCH. Y FOTO | G74: 201001B | H74: Escritorio en L administrativo | I74: 1
B75: 2 | C75: 1 | D75: Consultas medicas generales | E75: D.1.1.1.2 | F75: SECRETARIA C/ARCH. Y FOTO | G75: 203016A | H75: Mueble Tipo Biblioteca M45_A | I75: 1
B76: 2 | C76: 1 | D76: Consultas medicas generales | E76: D.1.1.1.3 | F76: MODULOS DE TRABAJO (OPERADOR TELEFONICO) | G76: 201001A | H76: Escritorio simple 120x70 cm | I76: 2
B77: 2 | C77: 1 | D77: Consultas medicas generales | E77: D.1.1.1.3 | F77: MODULOS DE TRABAJO (OPERADOR TELEFONICO) | G77: 203016A | H77: Mueble Tipo Biblioteca M45_A | I77: 2
B78: 2 | C78: 1 | D78: Consultas medicas generales | E78: D.2.2.2.6 | F78: COORDINADOR GENERAL RS | G78: 201001B | H78: Escritorio en L administrativo | I78: 1
B79: 2 | C79: 1 | D79: Consultas medicas generales | E79: D.2.2.2.6 | F79: COORDINADOR GENERAL RS | G79: 203016A | H79: Mueble Tipo Biblioteca M45_A | I79: 1
B80: 2 | C80: 1 | D80: Consultas medicas generales | E80: D.2.2.4.1 | F80: MÓDULOS DE TRABAJO (operadores telefónicos) | G80: 201001B | H80: Escritorio en L administrativo | I80: 2
B81: 2 | C81: 1 | D81: Consultas medicas generales | E81: D.2.2.4.1 | F81: MÓDULOS DE TRABAJO (operadores telefónicos) | G81: 203016A | H81: Mueble Tipo Biblioteca M45_A | I81: 2
B82: 2 | C82: 1 | D82: Consultas medicas generales | E82: D.2.2.4.3 | F82: ESTAR PERSONAL C/ KITCHENETTE | G82: 201011A | H82: Mesa Tipo Casino Circular | I82: 1
B83: 2 | C83: 1 | D83: Consultas medicas generales | E83: D.2.2.6.1 | F83: COORDINADOR SERVICIOS EXTERNALIZADOS | G83: 201001B | H83: Escritorio en L administrativo | I83: 1
... B87: 2 | C87: 1 | D87: Consultas medicas generales | E87: D.2.2.6.7 | F87: ESTAR PERSONAL C/ KITCHENETTE | G87: 201011A | H87: Mesa Tipo Casino Circular | I87: 2
B88: 2 | C88: 1 | D88: Cuidados Paliativos | E88: C.2.4.1 | F88: OFICINA JEFE CUIDADOS PALIATIVOS | G88: 201008 | H88: Mesa Reuniones Tipo I | I88: 1
B89: 2 | C89: 1 | D89: Cuidados Paliativos | E89: C.2.4.1 | F89: OFICINA JEFE CUIDADOS PALIATIVOS | G89: 201001B | H89: Escritorio en L administrativo | I89: 1
B90: 2 | C90: 1 | D90: Cuidados Paliativos | E90: C.2.4.1 | F90: OFICINA JEFE CUIDADOS PALIATIVOS | G90: 203016A | H90: Mueble Tipo Biblioteca M45_A | I90: 1
B91: 2 | C91: 1 | D91: Cuidados Paliativos | E91: C.2.4.1.1 | F91: OFICINA ENFERMERA | G91: 201001B | H91: Escritorio en L administrativo | I91: 1
B92: 2 | C92: 1 | D92: Cuidados Paliativos | E92: C.2.4.1.1 | F92: OFICINA ENFERMERA | G92: 203016A | H92: Mueble Tipo Biblioteca M45_A | I92: 1
B93: 2 | C93: 1 | D93: Cuidados Paliativos | E93: C.2.4.17 | F93: SALA MULTIPROPÓSITO | G93: 201008 | H93: Mesa Reuniones Tipo I | I93: 1
B94: 2 | C94: 1 | D94: Cuidados Paliativos | E94: C.2.4.17 | F94: SALA MULTIPROPÓSITO | G94: 201001B | H94: Escritorio en L administrativo | I94: 1
B95: 2 | C95: 1 | D95: Cuidados Paliativos | E95: C.2.4.17 | F95: SALA MULTIPROPÓSITO | G95: 203016A | H95: Mueble Tipo Biblioteca M45_A | I95: 1
B96: 2 | C96: 1 | D96: Cuidados Paliativos | E96: C.2.4.5 | F96: BOX MÉDICO | G96: 201001C | H96: Escritorio de Consultas | I96: 1
B97: 2 | C97: 1 | D97: Cuidados Paliativos | E97: C.2.4.6.1 | F97: BOX MULTIPROPÓSITO (1) | G97: 201001C | H97: Escritorio de Consultas | I97: 1
B98: 2 | C98: 1 | D98: Cuidados Paliativos | E98: C.2.4.6.2 | F98: BOX MULTIPROPÓSITO (2) | G98: 201001C | H98: Escritorio de Consultas | I98: 1
B99: 2 | C99: 1 | D99: Imagenología | E99: C.5.3.12 | F99: SECRETARIA C/ARCHIVO, FOTOCOP. | G99: 201001B | H99: Escritorio en L administrativo | I99: 1
B100: 2 | C100: 1 | D100: Imagenología | E100: C.5.3.12 | F100: SECRETARIA C/ARCHIVO, FOTOCOP. | G100: 203016A | H100: Mueble Tipo Biblioteca M45_A | I100: 1
B101: 2 | C101: 1 | D101: Imagenología | E101: C.5.3.13 | F101: OFICINA JEFE IMAGENOLOGÍA | G101: 201001B | H101: Escritorio en L administrativo | I101: 1
B102: 2 | C102: 1 | D102: Imagenología | E102: C.5.3.13 | F102: OFICINA JEFE IMAGENOLOGÍA | G102: 203016A | H102: Mueble Tipo Biblioteca M45_A | I102: 1
B103: 2 | C103: 1 | D103: Imagenología | E103: C.5.3.14 | F103: COORDINADOR IMAGENOLOGÍA | G103: 201001A | H103: Escritorio simple 120x70 cm | I103: 1
B104: 2 | C104: 1 | D104: Imagenología | E104: C.5.3.14 | F104: COORDINADOR IMAGENOLOGÍA | G104: 203016A | H104: Mueble Tipo Biblioteca M45_A | I104: 1
...

Sheet Detalle
O1: Suma de Cantidad | Q1: Piso | Z1: En obra | AB1: Restante | AD1: %
B2: Despacho | C2: Piso | D2: Servicio | E2: Codigo de recinto referencial | F2: Nombre Recinto | G2: Tipo Equipo/ Mobiliario | H2: Nombre | I2: Cantidad | K2: Nombre | L2: Tipo Equipo/ Mobiliario | M2: Cantidad | O2: Tipo Equipo/ Mobiliario | P2: Nombre | Q2: 1 | R2: 2 | S2: 3 | T2: 4 | U2: 5 | V2: 6 | W2: 7 | X2: Total general
B3: 1 | C3: 1 | D3: Diálisis | E3: C.2.3.1 | F3: OFICINA JEFE DIÁLISIS | G3: 201001B | H3: Escritorio en L administrativo | I3: 1 | K3: {=+_xlfn.UNIQUE(H3:H162)} -> Escritorio en L administrativo | L3: =+_xlfn.XLOOKUP(K3,$H$3:$H$162,$G$3:$G$162) -> 201001B | M3: =+SUMIF($H$3:$H$162,K3,$I$3:$I$162) -> 33 | O3: 204012 | P3: Silla Visita | Q3: 361 | R3: 488 | S3: 302 | T3: 42 | U3: 30 | V3: 33 | W3: 9 | X3: 1265 | Z3: =IFERROR(_xlfn.XLOOKUP(O3,Acumulado!$L$3:$L$19,Acumulado!$M$3:$M$19),"0") -> 0 | AB3: =+X3-Z3 -> 1265 | AD3: =1-(AB3/X3) -> 0
B4: 1 | C4: 1 | D4: Diálisis | E4: C.2.3.1 | F4: OFICINA JEFE DIÁLISIS | G4: 203016A | H4: Mueble Tipo Biblioteca M45_A | I4: 1 | K4: Mueble Tipo Biblioteca M45_A | L4: =+_xlfn.XLOOKUP(K4,$H$3:$H$162,$G$3:$G$162) -> 203016A | M4: =+SUMIF($H$3:$H$162,K4,$I$3:$I$162) -> 65 | O4: 204006C | P4: Silla Ergonómica | Q4: 149 | R4: 185 | S4: 138 | T4: 24 | U4: 18 | V4: 18 | W4: 16 | X4: 548 | Z4: =IFERROR(_xlfn.XLOOKUP(O4,Acumulado!$L$3:$L$19,Acumulado!$M$3:$M$19),"0") -> 0 | AB4: =+X4-Z4 -> 548 | AD4: =1-(AB4/X4) -> 0
B5: 1 | C5: 1 | D5: Diálisis | E5: C.2.3.12 | F5: BOX EVALUACIÓN | G5: 201001C | H5: Escritorio de Consultas | I5: 1 | K5: Escritorio de Consultas | L5: =+_xlfn.XLOOKUP(K5,$H$3:$H$162,$G$3:$G$162) -> 201001C | M5: =+SUMIF($H$3:$H$162,K5,$I$3:$I$162) -> 13 | O5: 204010 | P5: Silla tipo Casino | Q5: 114 | R5: 300 | S5: 28 | T5: 20 | U5: 12 | V5: 12 | W5: 12 | X5: 498 | Z5: =IFERROR(_xlfn.XLOOKUP(O5,Acumulado!$L$3:$L$19,Acumulado!$M$3:$M$19),"0") -> 0 | AB5: =+X5-Z5 -> 498 | AD5: =1-(AB5/X5) -> 0
B6: 1 | C6: 1 | D6: Diálisis | E6: C.2.3.13.1 | F6: PUESTO DIALISADOS CRÓNICOS | G6: 201001A | H6: Escritorio simple 120x70 cm | I6: 1 | K6: Escritorio simple 120x70 cm | L6: =+_xlfn.XLOOKUP(K6,$H$3:$H$162,$G$3:$G$162) -> 201001A | M6: =+SUMIF($H$3:$H$162,K6,$I$3:$I$162) -> 37 | O6: 203016A | P6: Mueble Tipo Biblioteca M45_A | Q6: 74 | R6: 76 | S6: 102 | T6: 8 | U6: 5 | V6: 4 | W6: 4 | X6: 273 | Z6: =IFERROR(_xlfn.XLOOKUP(O6,Acumulado!$L$3:$L$19,Acumulado!$M$3:$M$19),"0") -> 243 | AB6: =+X6-Z6 -> 30 | AD6: =1-(AB6/X6) -> 0.89010989
B7: 1 | C7: 1 | D7: Diálisis | E7: C.2.3.13.2 | F7: PUESTO DIALISADOS CRÓNICOS | G7: 201001A | H7: Escritorio simple 120x70 cm | I7: 1 | K7: Mesa Reuniones Tipo I | L7: =+_xlfn.XLOOKUP(K7,$H$3:$H$162,$G$3:$G$162) -> 201008 | M7: =+SUMIF($H$3:$H$162,K7,$I$3:$I$162) -> 14 | O7: 204020 | P7: Silla Butaca Espera 3 Cuerpos | Q7: 100 | R7: 96 | S7: 38 | V7: 4 | X7: 238 | Z7: =IFERROR(_xlfn.XLOOKUP(O7,Acumulado!$L$3:$L$19,Acumulado!$M$3:$M$19),"0") -> 0 | AB7: =+X7-Z7 -> 238 | AD7: =1-(AB7/X7) -> 0
B8: 1 | C8: 1 | D8: Diálisis | E8: C.2.3.13.3 | F8: PUESTO DIALISADOS CRÓNICOS | G8: 201001A | H8: Escritorio simple 120x70 cm | I8: 1 | K8: Mesa Párvulo Tipo I | L8: =+_xlfn.XLOOKUP(K8,$H$3:$H$162,$G$3:$G$162) -> 201004 | M8: =+SUMIF($H$3:$H$162,K8,$I$3:$I$162) -> 3 | O8: 204015 | P8: Sillón Bergere | Q8: 5 | R8: 1 | S8: 14 | T8: 38 | U8: 28 | V8: 44 | W8: 55 | X8: 185 | Z8: =IFERROR(_xlfn.XLOOKUP(O8,Acumulado!$L$3:$L$19,Acumulado!$M$3:$M$19),"0") -> 0 | AB8: =+X8-Z8 -> 185 | AD8: =1-(AB8/X8) -> 0
B9: 1 | C9: 1 | D9: Diálisis | E9: C.2.3.19 | F9: SALA POST-DIALISADOS | G9: 201008 | H9: Mesa Reuniones Tipo I | I9: 1 | K9: Mesa Reuniones Tipo III | L9: =+_xlfn.XLOOKUP(K9,$H$3:$H$162,$G$3:$G$162) -> 201010 | M9: =+SUMIF($H$3:$H$162,K9,$I$3:$I$162) -> 2 | O9: 201001B | P9: Escritorio en L administrativo | Q9: 38 | R9: 47 | S9: 82 | T9: 5 | U9: 1 | V9: 4 | X9: 177 | Z9: =IFERROR(_xlfn.XLOOKUP(O9,Acumulado!$L$3:$L$19,Acumulado!$M$3:$M$19),"0") -> 172 | AB9: =+X9-Z9 -> 5 | AD9: =1-(AB9/X9) -> 0.97175141
B10: 1 | C10: 1 | D10: Diálisis | E10: C.2.3.2 | F10: OFICINA ENFERMERA COORDINADORA (PERITONEO) | G10: 201001A | H10: Escritorio simple 120x70 cm | I10: 1 | K10: Mesa Tipo Casino Circular | L10: =+_xlfn.XLOOKUP(K10,$H$3:$H$162,$G$3:$G$162) -> 201011A | M10: =+SUMIF($H$3:$H$162,K10,$I$3:$I$162) -> 10 | O10: 201001A | P10: Escritorio simple 120x70 cm | Q10: 37 | R10: 52 | S10: 20 | T10: 3 | U10: 4 | V10: 2 | W10: 4 | X10: 122 | Z10: =IFERROR(_xlfn.XLOOKUP(O10,Acumulado!$L$3:$L$19,Acumulado!$M$3:$M$19),"0") -> 109 | AB10: =+X10-Z10 -> 13 | AD10: =1-(AB10/X10) -> 0.89344262
B11: 1 | C11: 1 | D11: Diálisis | E11: C.2.3.2 | F11: OFICINA ENFERMERA COORDINADORA (PERITONEO) | G11: 203016A | H11: Mueble Tipo Biblioteca M45_A | I11: 1 | K11: Mesa Lateral | L11: =+_xlfn.XLOOKUP(K11,$H$3:$H$162,$G$3:$G$162) -> 201002 | M11: =+SUMIF($H$3:$H$162,K11,$I$3:$I$162) -> 2 | O11: 204014 | P11: Sillón 2 Cuerpo | Q11: 22 | R11: 13 | S11: 14 | T11: 13 | U11: 13 | V11: 14 | W11: 14 | X11: 103 | Z11: =IFERROR(_xlfn.XLOOKUP(O11,Acumulado!$L$3:$L$19,Acumulado!$M$3:$M$19),"0") -> 0 | AB11: =+X11-Z11 -> 103 | AD11: =1-(AB11/X11) -> 0
B12: 1 | C12: 1 | D12: Diálisis | E12: C.2.3.39 | F12: OFICINA COORDINADORA (HEMODIALISIS) | G12: 201001B | H12: Escritorio en L administrativo | I12: 1 | K12: Mesa Párvulo Tipo II | L12: =+_xlfn.XLOOKUP(K12,$H$3:$H$162,$G$3:$G$162) -> 201005 | M12: =+SUMIF($H$3:$H$162,K12,$I$3:$I$162) -> 12 | O12: 201011A | P12: Mesa Tipo Casino Circular | Q12: 12 | R12: 57 | S12: 2 | V12: 1 | W12: 1 | X12: 73 | Z12: =IFERROR(_xlfn.XLOOKUP(O12,Acumulado!$L$3:$L$19,Acumulado!$M$3:$M$19),"0") -> 69 | AB12: =+X12-Z12 -> 4 | AD12: =1-(AB12/X12) -> 0.94520548
B13: 1 | C13: 1 | D13: Diálisis | E13: C.2.3.39 | F13: OFICINA COORDINADORA (HEMODIALISIS) | G13: 203016A | H13: Mueble Tipo Biblioteca M45_A | I13: 1 | K13: Mueble Locker | L13: =+_xlfn.XLOOKUP(K13,$H$3:$H$162,$G$3:$G$162) -> 202012 | M13: =+SUMIF($H$3:$H$162,K13,$I$3:$I$162) -> 8 | O13: 201001E | P13: Punto de registro clínico | Q13: 28 | R13: 21 | S13: 10 | T13: 3 | U13: 3 | V13: 1 | W13: 1 | X13: 67 | Z13: =IFERROR(_xlfn.XLOOKUP(O13,Acumulado!$L$3:$L$19,Acumulado!$M$3:$M$19),"0") -> 31 | AB13: =+X13-Z13 -> 36 | AD13: =1-(AB13/X13) -> 0.46268657
B14: 1 | C14: 1 | D14: Diálisis | E14: C.2.3.6 | F14: MESÓN DE RECEPCIÓN C/ARCHIVO Y FOTOCOPIADORA | G14: 203016A | H14: Mueble Tipo Biblioteca M45_A | I14: 1 | K14: Mesa Párvulo Inclusión | L14: =+_xlfn.XLOOKUP(K14,$H$3:$H$162,$G$3:$G$162) -> 201003 | M14: =+SUMIF($H$3:$H$162,K14,$I$3:$I$162) -> 2 | O14: 204006A | P14: Silla Ergonómica Reforzada | Q14: 17 | R14: 16 | S14: 21 | T14: 3 | U14: 1 | V14: 1 | W14: 1 | X14: 60 | Z14: =IFERROR(_xlfn.XLOOKUP(O14,Acumulado!$L$3:$L$19,Acumulado!$M$3:$M$19),"0") -> 0 | AB14: =+X14-Z14 -> 60 | AD14: =1-(AB14/X14) -> 0
B15: 1 | C15: 1 | D15: Med física y rehabilitación | E15: C.5.7.1 | F15: MESÓN C/ARCHIVO Y FOTOCOPIADORA | G15: 203016A | H15: Mueble Tipo Biblioteca M45_A | I15: 1 | K15: Mesa Reuniones Tipo II | L15: =+_xlfn.XLOOKUP(K15,$H$3:$H$162,$G$3:$G$162) -> 201009 | M15: =+SUMIF($H$3:$H$162,K15,$I$3:$I$162) -> 2 | O15: 204002B | P15: Banca Madera_B | Q15: 44 | R15: 5 | S15: 10 | X15: 59 | Z15: =IFERROR(_xlfn.XLOOKUP(O15,Acumulado!$L$3:$L$19,Acumulado!$M$3:$M$19),"0") -> 0 | AB15: =+X15-Z15 -> 59 | AD15: =1-(AB15/X15) -> 0
B16: 1 | C16: 1 | D16: Med física y rehabilitación | E16: C.5.7.15 | F16: GIMNASIO PEDIATRICO | G16: 201004 | H16: Mesa Párvulo Tipo I | I16: 1 | M16: =SUM(M3:M15) -> 203 | O16: 201001C | P16: Escritorio de Consultas | Q16: 18 | R16: 40 | X16: 58 | Z16: =IFERROR(_xlfn.XLOOKUP(O16,Acumulado!$L$3:$L$19,Acumulado!$M$3:$M$19),"0") -> 53 | AB16: =+X16-Z16 -> 5 | AD16: =1-(AB16/X16) -> 0.9137931
B17: 1 | C17: 1 | D17: Med física y rehabilitación | E17: C.5.7.18 | F17: SALA DE TERAPIA GRUPAL (12 MAX) | G17: 201010 | H17: Mesa Reuniones Tipo III | I17: 1 | O17: 203010A | P17: Colchoneta Reposo A | Q17: 56 | X17: 56 | Z17: =IFERROR(_xlfn.XLOOKUP(O17,Acumulado!$L$3:$L$19,Acumulado!$M$3:$M$19),"0") -> 0 | AB17: =+X17-Z17 -> 56 | AD17: =1-(AB17/X17) -> 0
B18: 1 | C18: 1 | D18: Med física y rehabilitación | E18: C.5.7.18 | F18: SALA DE TERAPIA GRUPAL (12 MAX) | G18: 201001A | H18: Escritorio simple 120x70 cm | I18: 1 | O18: 201008 | P18: Mesa Reuniones Tipo I | Q18: 19 | R18: 14 | S18: 16 | T18: 2 | U18: 2 | X18: 53 | Z18: =IFERROR(_xlfn.XLOOKUP(O18,Acumulado!$L$3:$L$19,Acumulado!$M$3:$M$19),"0") -> 44 | AB18: =+X18-Z18 -> 9 | AD18: =1-(AB18/X18) -> 0.83018868
B19: 1 | C19: 1 | D19: Med física y rehabilitación | E19: C.5.7.19 | F19: SALA TERÁPIA OCUP. ADULTO E INFANTIL | G19: 201008 | H19: Mesa Reuniones Tipo I | I19: 3 | O19: 204009 | P19: Silla Párvulo | Q19: 33 | R19: 15 | U19: 4 | X19: 52 | Z19: =IFERROR(_xlfn.XLOOKUP(O19,Acumulado!$L$3:$L$19,Acumulado!$M$3:$M$19),"0") -> 0 | AB19: =+X19-Z19 -> 52 | AD19: =1-(AB19/X19) -> 0
B20: 1 | C20: 1 | D20: Med física y rehabilitación | E20: C.5.7.19 | F20: SALA TERÁPIA OCUP. ADULTO E INFANTIL | G20: 203016A | H20: Mueble Tipo Biblioteca M45_A | I20: 1 | O20: 201011B | P20: Mesa Tipo Casino Redonda 90 cm | Q20: 13 | R20: 13 | S20: 4 | T20: 5 | U20: 3 | V20: 2 | W20: 2 | X20: 42 | Z20: =IFERROR(_xlfn.XLOOKUP(O20,Acumulado!$L$3:$L$19,Acumulado!$M$3:$M$19),"0") -> 17 | AB20: =+X20-Z20 -> 25 | AD20: =1-(AB20/X20) -> 0.4047619
B21: 1 | C21: 1 | D21: Med física y rehabilitación | E21: C.5.7.20 | F21: SALA DE ACTIVDAD DE LA VIDA DIARIA C/BAÑO DE INSTRUCCIÓN | G21: 201011A | H21: Mesa Tipo Casino Circular | I21: 1 | O21: 204011 | P21: Silla Tipo Universitaria | R21: 8 | S21: 25 | X21: 33 | Z21: =IFERROR(_xlfn.XLOOKUP(O21,Acumulado!$L$3:$L$19,Acumulado!$M$3:$M$19),"0") -> 0 | AB21: =+X21-Z21 -> 33 | AD21: =1-(AB21/X21) -> 0
B22: 1 | C22: 1 | D22: Med física y rehabilitación | E22: C.5.7.21 | F22: OFICINA JEFE REHABILITACIÓN | G22: 201001B | H22: Escritorio en L administrativo | I22: 1 | O22: 204013 | P22: Sillón 1 Cuerpo | Q22: 17 | R22: 12 | T22: 2 | X22: 31 | Z22: =IFERROR(_xlfn.XLOOKUP(O22,Acumulado!$L$3:$L$19,Acumulado!$M$3:$M$19),"0") -> 0 | AB22: =+X22-Z22 -> 31 | AD22: =1-(AB22/X22) -> 0
B23: 1 | C23: 1 | D23: Med física y rehabilitación | E23: C.5.7.21 | F23: OFICINA JEFE REHABILITACIÓN | G23: 203016A | H23: Mueble Tipo Biblioteca M45_A | I23: 1 | O23: 201002 | P23: Mesa Lateral | Q23: 1 | R23: 2 | S23: 2 | T23: 6 | U23: 6 | V23: 7 | W23: 7 | X23: 31 | Z23: =IFERROR(_xlfn.XLOOKUP(O23,Acumulado!$L$3:$L$19,Acumulado!$M$3:$M$19),"0") -> 6 | AB23: =+X23-Z23 -> 25 | AD23: =1-(AB23/X23) -> 0.19354839
B24: 1 | C24: 1 | D24: Med física y rehabilitación | E24: C.5.7.22 | F24: OFICINA JEFE COORDINADOR | G24: 201001B | H24: Escritorio en L administrativo | I24: 1 | O24: 204002A | P24: Banca Madera_A | Q24: 20 | R24: 1 | S24: 7 | V24: 1 | W24: 1 | X24: 30 | Z24: =IFERROR(_xlfn.XLOOKUP(O24,Acumulado!$L$3:$L$19,Acumulado!$M$3:$M$19),"0") -> 0 | AB24: =+X24-Z24 -> 30 | AD24: =1-(AB24/X24) -> 0
B25: 1 | C25: 1 | D25: Med física y rehabilitación | E25: C.5.7.22 | F25: OFICINA JEFE COORDINADOR | G25: 203016A | H25: Mueble Tipo Biblioteca M45_A | I25: 1 | O25: 202006 | P25: Cama Apilable | Q25: 28 | X25: 28 | Z25: =IFERROR(_xlfn.XLOOKUP(O25,Acumulado!$L$3:$L$19,Acumulado!$M$3:$M$19),"0") -> 0 | AB25: =+X25-Z25 -> 28 | AD25: =1-(AB25/X25) -> 0
B26: 1 | C26: 1 | D26: Med física y rehabilitación | E26: C.5.7.23 | F26: SALA MULTIUSO | G26: 203016A | H26: Mueble Tipo Biblioteca M45_A | I26: 1 | O26: 204006B | P26: Taburete con Ruedas sin Respaldo | Q26: 13 | R26: 6 | S26: 1 | T26: 3 | U26: 1 | X26: 24 | Z26: =IFERROR(_xlfn.XLOOKUP(O26,Acumulado!$L$3:$L$19,Acumulado!$M$3:$M$19),"0") -> 0 | AB26: =+X26-Z26 -> 24 | AD26: =1-(AB26/X26) -> 0
B27: 1 | C27: 1 | D27: Med física y rehabilitación | E27: C.5.7.4.1 | F27: BOX KINESIOLOGO(1) | G27: 201001C | H27: Escritorio de Consultas | I27: 1 | O27: 204002C | P27: Banca Madera_C | Q27: 10 | R27: 3 | S27: 6 | T27: 3 | X27: 22 | Z27: =IFERROR(_xlfn.XLOOKUP(O27,Acumulado!$L$3:$L$19,Acumulado!$M$3:$M$19),"0") -> 0 | AB27: =+X27-Z27 -> 22 | AD27: =1-(AB27/X27) -> 0
B28: 1 | C28: 1 | D28: Med física y rehabilitación | E28: C.5.7.4.2 | F28: BOX PSICOLOGO / A. SOCIAL | G28: 201001C | H28: Escritorio de Consultas | I28: 1 | O28: 203018 | P28: Perchero | Q28: 20 | X28: 20 | Z28: =IFERROR(_xlfn.XLOOKUP(O28,Acumulado!$L$3:$L$19,Acumulado!$M$3:$M$19),"0") -> 0 | AB28: =+X28-Z28 -> 20 | AD28: =1-(AB28/X28) -> 0
B29: 1 | C29: 1 | D29: Med física y rehabilitación | E29: C.5.7.4.2 | F29: BOX PSICOLOGO / A. SOCIAL | G29: 203016A | H29: Mueble Tipo Biblioteca M45_A | I29: 1 | O29: 203021 | P29: Velador | Q29: 16 | R29: 1 | S29: 2 | V29: 1 | X29: 20 | Z29: =IFERROR(_xlfn.XLOOKUP(O29,Acumulado!$L$3:$L$19,Acumulado!$M$3:$M$19),"0") -> 0 | AB29: =+X29-Z29 -> 20 | AD29: =1-(AB29/X29) -> 0
B30: 1 | C30: 1 | D30: Med física y rehabilitación | E30: C.5.7.5.1 | F30: BOX INDIFERENCIADO (FONOAUDIO Y TERAPIA OCU)(1) | G30: 201001C | H30: Escritorio de Consultas | I30: 1 | O30: 204007 | P30: Silla Lactante | Q30: 18 | X30: 18 | Z30: =IFERROR(_xlfn.XLOOKUP(O30,Acumulado!$L$3:$L$19,Acumulado!$M$3:$M$19),"0") -> 0 | AB30: =+X30-Z30 -> 18 | AD30: =1-(AB30/X30) -> 0
B31: 1 | C31: 1 | D31: Med física y rehabilitación | E31: C.5.7.5.2 | F31: BOX INDIFERENCIADO (FONOAUDIO Y TERAPIA OCU)(2) | G31: 201001C | H31: Escritorio de Consultas | I31: 1 | O31: 204003 | P31: Silla Adulto | Q31: 18 | X31: 18 | Z31: =IFERROR(_xlfn.XLOOKUP(O31,Acumulado!$L$3:$L$19,Acumulado!$M$3:$M$19),"0") -> 0 | AB31: =+X31-Z31 -> 18 | AD31: =1-(AB31/X31) -> 0
B32: 1 | C32: 1 | D32: Med física y rehabilitación | E32: C.5.7.5.2.1 | F32: BOX FONOAUDIO PEDIATRICO | G32: 201004 | H32: Mesa Párvulo Tipo I | I32: 1 | O32: 201009 | P32: Mesa Reuniones Tipo II | Q32: 3 | R32: 13 | S32: 1 | X32: 17 | Z32: =IFERROR(_xlfn.XLOOKUP(O32,Acumulado!$L$3:$L$19,Acumulado!$M$3:$M$19),"0") -> 16 | AB32: =+X32-Z32 -> 1 | AD32: =1-(AB32/X32) -> 0.94117647
B33: 1 | C33: 1 | D33: Med física y rehabilitación | E33: C.5.7.5.2.1 | F33: BOX FONOAUDIO PEDIATRICO | G33: 201001C | H33: Escritorio de Consultas | I33: 1 | O33: 203016B | P33: Mueble Tipo Biblioteca M45_B | R33: 16 | X33: 16 | Z33: =IFERROR(_xlfn.XLOOKUP(O33,Acumulado!$L$3:$L$19,Acumulado!$M$3:$M$19),"0") -> 16 | AB33: =+X33-Z33 -> 0 | AD33: =1-(AB33/X33) -> 1
B34: 1 | C34: 1 | D34: Morgue | E34: C.5.9.2 | F34: ESPACIO PARA DEUDOS | G34: 201002 | H34: Mesa Lateral | I34: 1 | O34: 202009 | P34: Cuna Baja | Q34: 14 | X34: 14 | Z34: =IFERROR(_xlfn.XLOOKUP(O34,Acumulado!$L$3:$L$19,Acumulado!$M$3:$M$19),"0") -> 0 | AB34: =+X34-Z34 -> 14 | AD34: =1-(AB34/X34) -> 0
B35: 1 | C35: 1 | D35: Morgue | E35: C.5.9.5 | F35: MESÓN RECEPCIÓN DE REGISTRO DE INFORMES | G35: 201001B | H35: Escritorio en L administrativo | I35: 1 | O35: 202008 | P35: Cuna Alta | Q35: 14 | X35: 14 | Z35: =IFERROR(_xlfn.XLOOKUP(O35,Acumulado!$L$3:$L$19,Acumulado!$M$3:$M$19),"0") -> 0 | AB35: =+X35-Z35 -> 14 | AD35: =1-(AB35/X35) -> 0
B36: 1 | C36: 1 | D36: Morgue | E36: C.5.9.5 | F36: MESÓN RECEPCIÓN DE REGISTRO DE INFORMES | G36: 203016A | H36: Mueble Tipo Biblioteca M45_A | I36: 1 | O36: 204008 | P36: Silla Nido | Q36: 13 | X36: 13 | Z36: =IFERROR(_xlfn.XLOOKUP(O36,Acumulado!$L$3:$L$19,Acumulado!$M$3:$M$19),"0") -> 0 | AB36: =+X36-Z36 -> 13 | AD36: =1-(AB36/X36) -> 0
B37: 1 | C37: 1 | D37: Morgue | E37: C.5.9.7 | F37: VESTIDOR Y ENTREGA FAMILIARES | G37: 201001A | H37: Escritorio simple 120x70 cm | I37: 1 | O37: 201005 | P37: Mesa Párvulo Tipo II | Q37: 12 | X37: 12 | Z37: =IFERROR(_xlfn.XLOOKUP(O37,Acumulado!$L$3:$L$19,Acumulado!$M$3:$M$19),"0") -> 12 | AB37: =+X37-Z37 -> 0 | AD37: =1-(AB37/X37) -> 1
B38: 2 | C38: 1 | D38: Abastecimiento | E38: D.3.3.3.1 | F38: COORDINADOR BODEGA | G38: 201001B | H38: Escritorio en L administrativo | I38: 1 | O38: 201010 | P38: Mesa Reuniones Tipo III | Q38: 2 | R38: 3 | S38: 5 | U38: 1 | V38: 1 | X38: 12 | Z38: =IFERROR(_xlfn.XLOOKUP(O38,Acumulado!$L$3:$L$19,Acumulado!$M$3:$M$19),"0") -> 10 | AB38: =+X38-Z38 -> 2 | AD38: =1-(AB38/X38) -> 0.83333333
B39: 2 | C39: 1 | D39: Abastecimiento | E39: D.3.3.3.1 | F39: COORDINADOR BODEGA | G39: 203016A | H39: Mueble Tipo Biblioteca M45_A | I39: 1 | O39: 202004 | P39: Cama 1 1/2 Plaza | Q39: 11 | X39: 11 | Z39: =IFERROR(_xlfn.XLOOKUP(O39,Acumulado!$L$3:$L$19,Acumulado!$M$3:$M$19),"0") -> 0 | AB39: =+X39-Z39 -> 11 | AD39: =1-(AB39/X39) -> 0
B40: 2 | C40: 1 | D40: Abastecimiento | E40: D.3.3.3.10 | F40: ESTAR PERSONAL C/ KITCHENETTE | G40: 201011A | H40: Mesa Tipo Casino Circular | I40: 1 | O40: 204004 | P40: Silla Apilable de Base Ancha | Q40: 10 | X40: 10 | Z40: =IFERROR(_xlfn.XLOOKUP(O40,Acumulado!$L$3:$L$19,Acumulado!$M$3:$M$19),"0") -> 0 | AB40: =+X40-Z40 -> 10 | AD40: =1-(AB40/X40) -> 0
B41: 2 | C41: 1 | D41: Abastecimiento | E41: D.3.3.3.11 | F41: ÁREA REGISTRO BODEGA GENERAL | G41: 201001A | H41: Escritorio simple 120x70 cm | I41: 1 | O41: 203003 | P41: Carro de Transporte | R41: 9 | X41: 9 | Z41: =IFERROR(_xlfn.XLOOKUP(O41,Acumulado!$L$3:$L$19,Acumulado!$M$3:$M$19),"0") -> 0 | AB41: =+X41-Z41 -> 9 | AD41: =1-(AB41/X41) -> 0
B42: 2 | C42: 1 | D42: Abastecimiento | E42: D.3.3.3.11 | F42: ÁREA REGISTRO BODEGA GENERAL | G42: 203016A | H42: Mueble Tipo Biblioteca M45_A | I42: 1 | O42: 202002 | P42: Caja Fuerte Tipo I | Q42: 6 | R42: 1 | S42: 1 | X42: 8 | Z42: =IFERROR(_xlfn.XLOOKUP(O42,Acumulado!$L$3:$L$19,Acumulado!$M$3:$M$19),"0") -> 0 | AB42: =+X42-Z42 -> 8 | AD42: =1-(AB42/X42) -> 0
B43: 2 | C43: 1 | D43: Abastecimiento | E43: D.3.3.3.2 | F43: MESÓN DE RECEPCIÓN C/ARCHIVO Y FOTOCOPIADORA | G43: 203016A | H43: Mueble Tipo Biblioteca M45_A | I43: 1 | O43: 202001 | P43: Atril graduable | Q43: 8 | X43: 8 | Z43: =IFERROR(_xlfn.XLOOKUP(O43,Acumulado!$L$3:$L$19,Acumulado!$M$3:$M$19),"0") -> 0 | AB43: =+X43-Z43 -> 8 | AD43: =1-(AB43/X43) -> 0
B44: 2 | C44: 1 | D44: Abastecimiento | E44: D.3.3.3.22 | F44: ÁREA REGISTRO BODEGA FARMACIA E INSUMOS | G44: 201001A | H44: Escritorio simple 120x70 cm | I44: 1 | O44: 201004 | P44: Mesa Párvulo Tipo I | Q44: 3 | R44: 4 | U44: 1 | X44: 8 | Z44: =IFERROR(_xlfn.XLOOKUP(O44,Acumulado!$L$3:$L$19,Acumulado!$M$3:$M$19),"0") -> 7 | AB44: =+X44-Z44 -> 1 | AD44: =1-(AB44/X44) -> 0.875
B45: 2 | C45: 1 | D45: Abastecimiento | E45: D.3.3.3.22 | F45: ÁREA REGISTRO BODEGA FARMACIA E INSUMOS | G45: 203016A | H45: Mueble Tipo Biblioteca M45_A | I45: 1 | O45: 201007 | P45: Mesa Reuniones Plegable | Q45: 6 | R45: 2 | X45: 8 | Z45: =IFERROR(_xlfn.XLOOKUP(O45,Acumulado!$L$3:$L$19,Acumulado!$M$3:$M$19),"0") -> 0 | AB45: =+X45-Z45 -> 8 | AD45: =1-(AB45/X45) -> 0
B46: 2 | C46: 1 | D46: Consultas medicas generales | E46: A.1.3 | F46: OFICINA INTERCULTURAL | G46: 201001B | H46: Escritorio en L administrativo | I46: 1 | O46: 204016 | P46: Sillón Tipo Poltrona | R46: 2 | T46: 3 | U46: 3 | X46: 8 | Z46: =IFERROR(_xlfn.XLOOKUP(O46,Acumulado!$L$3:$L$19,Acumulado!$M$3:$M$19),"0") -> 0 | AB46: =+X46-Z46 -> 8 | AD46: =1-(AB46/X46) -> 0
B47: 2 | C47: 1 | D47: Consultas medicas generales | E47: A.1.3 | F47: OFICINA INTERCULTURAL | G47: 203016A | H47: Mueble Tipo Biblioteca M45_A | I47: 1 | O47: 202012 | P47: Mueble Locker | Q47: 8 | X47: 8 | Z47: =IFERROR(_xlfn.XLOOKUP(O47,Acumulado!$L$3:$L$19,Acumulado!$M$3:$M$19),"0") -> 8 | AB47: =+X47-Z47 -> 0 | AD47: =1-(AB47/X47) -> 1
B48: 2 | C48: 1 | D48: Consultas medicas generales | E48: A.1.5 | F48: OFICINA COMPIN | G48: 201008 | H48: Mesa Reuniones Tipo I | I48: 1 | O48: 204002D | P48: Banca Madera_D | Q48: 2 | R48: 2 | T48: 1 | U48: 1 | X48: 6 | Z48: =IFERROR(_xlfn.XLOOKUP(O48,Acumulado!$L$3:$L$19,Acumulado!$M$3:$M$19),"0") -> 0 | AB48: =+X48-Z48 -> 6 | AD48: =1-(AB48/X48) -> 0
B49: 2 | C49: 1 | D49: Consultas medicas generales | E49: A.1.5 | F49: OFICINA COMPIN | G49: 201001B | H49: Escritorio en L administrativo | I49: 1 | O49: 204018 | P49: Silla Alta Cafetería | R49: 6 | X49: 6 | Z49: =IFERROR(_xlfn.XLOOKUP(O49,Acumulado!$L$3:$L$19,Acumulado!$M$3:$M$19),"0") -> 0 | AB49: =+X49-Z49 -> 6 | AD49: =1-(AB49/X49) -> 0
B50: 2 | C50: 1 | D50: Consultas medicas generales | E50: A.1.5 | F50: OFICINA COMPIN | G50: 203016A | H50: Mueble Tipo Biblioteca M45_A | I50: 1 | O50: 204019 | P50: Silla de Apoyo Hora de Ingesta | Q50: 5 | X50: 5 | Z50: =IFERROR(_xlfn.XLOOKUP(O50,Acumulado!$L$3:$L$19,Acumulado!$M$3:$M$19),"0") -> 0 | AB50: =+X50-Z50 -> 5 | AD50: =1-(AB50/X50) -> 0
B51: 2 | C51: 1 | D51: Consultas medicas generales | E51: A.1.6 | F51: OFICINA FONASA | G51: 201008 | H51: Mesa Reuniones Tipo I | I51: 1 | O51: 202010 | P51: Escalera Tijera | Q51: 4 | R51: 1 | X51: 5 | Z51: =IFERROR(_xlfn.XLOOKUP(O51,Acumulado!$L$3:$L$19,Acumulado!$M$3:$M$19),"0") -> 0 | AB51: =+X51-Z51 -> 5 | AD51: =1-(AB51/X51) -> 0
B52: 2 | C52: 1 | D52: Consultas medicas generales | E52: A.1.6 | F52: OFICINA FONASA | G52: 201001B | H52: Escritorio en L administrativo | I52: 1 | O52: 203014 | P52: Librero | Q52: 4 | X52: 4 | Z52: =IFERROR(_xlfn.XLOOKUP(O52,Acumulado!$L$3:$L$19,Acumulado!$M$3:$M$19),"0") -> 0 | AB52: =+X52-Z52 -> 4 | AD52: =1-(AB52/X52) -> 0
B53: 2 | C53: 1 | D53: Consultas medicas generales | E53: A.1.6 | F53: OFICINA FONASA | G53: 203016A | H53: Mueble Tipo Biblioteca M45_A | I53: 1 | O53: 203010B | P53: Colchoneta Reposo B | Q53: 4 | X53: 4 | Z53: =IFERROR(_xlfn.XLOOKUP(O53,Acumulado!$L$3:$L$19,Acumulado!$M$3:$M$19),"0") -> 0 | AB53: =+X53-Z53 -> 4 | AD53: =1-(AB53/X53) -> 0
B54: 2 | C54: 1 | D54: Consultas medicas generales | E54: B.3.1.1 | F54: OFICINA JEFE OIRS | G54: 201008 | H54: Mesa Reuniones Tipo I | I54: 1 | O54: 204005 | P54: Silla Bacinica | Q54: 4 | X54: 4 | Z54: =IFERROR(_xlfn.XLOOKUP(O54,Acumulado!$L$3:$L$19,Acumulado!$M$3:$M$19),"0") -> 0 | AB54: =+X54-Z54 -> 4 | AD54: =1-(AB54/X54) -> 0
B55: 2 | C55: 1 | D55: Consultas medicas generales | E55: B.3.1.1 | F55: OFICINA JEFE OIRS | G55: 201001B | H55: Escritorio en L administrativo | I55: 1 | O55: 204022 | P55: Banca Ecuménica | R55: 4 | X55: 4 | Z55: =IFERROR(_xlfn.XLOOKUP(O55,Acumulado!$L$3:$L$19,Acumulado!$M$3:$M$19),"0") -> 0 | AB55: =+X55-Z55 -> 4 | AD55: =1-(AB55/X55) -> 0
B56: 2 | C56: 1 | D56: Consultas medicas generales | E56: B.3.1.1 | F56: OFICINA JEFE OIRS | G56: 203016A | H56: Mueble Tipo Biblioteca M45_A | I56: 1 | O56: 204001 | P56: Banca | Q56: 4 | X56: 4 | Z56: =IFERROR(_xlfn.XLOOKUP(O56,Acumulado!$L$3:$L$19,Acumulado!$M$3:$M$19),"0") -> 0 | AB56: =+X56-Z56 -> 4 | AD56: =1-(AB56/X56) -> 0
B57: 2 | C57: 1 | D57: Consultas medicas generales | E57: C.1.2.1 | F57: MÓD. DE TRABAJO PROFESIONALES (gestión de la demanda) | G57: 201008 | H57: Mesa Reuniones Tipo I | I57: 1 | O57: 203022 | P57: Contenedor | Q57: 4 | X57: 4 | Z57: =IFERROR(_xlfn.XLOOKUP(O57,Acumulado!$L$3:$L$19,Acumulado!$M$3:$M$19),"0") -> 0 | AB57: =+X57-Z57 -> 4 | AD57: =1-(AB57/X57) -> 0
B58: 2 | C58: 1 | D58: Consultas medicas generales | E58: C.1.2.1 | F58: MÓD. DE TRABAJO PROFESIONALES (gestión de la demanda) | G58: 201001B | H58: Escritorio en L administrativo | I58: 1 | O58: 201001D | P58: Escritorio simple 130x70 cm | R58: 4 | X58: 4 | Z58: =IFERROR(_xlfn.XLOOKUP(O58,Acumulado!$L$3:$L$19,Acumulado!$M$3:$M$19),"0") -> 4 | AB58: =+X58-Z58 -> 0 | AD58: =1-(AB58/X58) -> 1
B59: 2 | C59: 1 | D59: Consultas medicas generales | E59: C.1.2.1 | F59: MÓD. DE TRABAJO PROFESIONALES (gestión de la demanda) | G59: 203016A | H59: Mueble Tipo Biblioteca M45_A | I59: 1 | O59: 203019 | P59: Pizarra Acrílica | Q59: 3 | R59: 1 | X59: 4 | Z59: =IFERROR(_xlfn.XLOOKUP(O59,Acumulado!$L$3:$L$19,Acumulado!$M$3:$M$19),"0") -> 0 | AB59: =+X59-Z59 -> 4 | AD59: =1-(AB59/X59) -> 0
B60: 2 | C60: 1 | D60: Consultas medicas generales | E60: C.1.2.1.1 | F60: MÓDULO DE TRABAJO PROFESIONALES GES | G60: 201001A | H60: Escritorio simple 120x70 cm | I60: 1 | O60: 202013 | P60: Pallet | Q60: 3 | X60: 3 | Z60: =IFERROR(_xlfn.XLOOKUP(O60,Acumulado!$L$3:$L$19,Acumulado!$M$3:$M$19),"0") -> 0 | AB60: =+X60-Z60 -> 3 | AD60: =1-(AB60/X60) -> 0
B61: 2 | C61: 1 | D61: Consultas medicas generales | E61: C.1.2.1.2 | F61: MÓDULO DE TRABAJO PROFESIONALES LISTA DE ESPERA | G61: 201001A | H61: Escritorio simple 120x70 cm | I61: 1 | O61: 204017 | P61: Tarima | Q61: 3 | X61: 3 | Z61: =IFERROR(_xlfn.XLOOKUP(O61,Acumulado!$L$3:$L$19,Acumulado!$M$3:$M$19),"0") -> 0 | AB61: =+X61-Z61 -> 3 | AD61: =1-(AB61/X61) -> 0
B62: 2 | C62: 1 | D62: Consultas medicas generales | E62: C.1.2.1.3 | F62: MÓD. DE TRABAJO PROFESIONALES (gestión de la demanda) | G62: 201001A | H62: Escritorio simple 120x70 cm | I62: 1 | O62: 203002 | P62: Carro Bandejero | R62: 3 | X62: 3 | Z62: =IFERROR(_xlfn.XLOOKUP(O62,Acumulado!$L$3:$L$19,Acumulado!$M$3:$M$19),"0") -> 0 | AB62: =+X62-Z62 -> 3 | AD62: =1-(AB62/X62) -> 0
B63: 2 | C63: 1 | D63: Consultas medicas generales | E63: C.1.2.1.3 | F63: MÓD. DE TRABAJO PROFESIONALES (gestión de la demanda) | G63: 203016A | H63: Mueble Tipo Biblioteca M45_A | I63: 1 | O63: 201012 | P63: Mesa Trabajo Individual | Q63: 3 | X63: 3 | Z63: =IFERROR(_xlfn.XLOOKUP(O63,Acumulado!$L$3:$L$19,Acumulado!$M$3:$M$19),"0") -> 0 | AB63: =+X63-Z63 -> 3 | AD63: =1-(AB63/X63) -> 0
B64: 2 | C64: 1 | D64: Consultas medicas generales | E64: C.1.2.2 | F64: MÓDULO DE TRABAJO ADMINISTRATIVOS GES | G64: 201008 | H64: Mesa Reuniones Tipo I | I64: 1 | O64: 203008 | P64: Carro metálico | Q64: 2 | X64: 2 | Z64: =IFERROR(_xlfn.XLOOKUP(O64,Acumulado!$L$3:$L$19,Acumulado!$M$3:$M$19),"0") -> 0 | AB64: =+X64-Z64 -> 2 | AD64: =1-(AB64/X64) -> 0
B65: 2 | C65: 1 | D65: Consultas medicas generales | E65: C.1.2.2 | F65: MÓDULO DE TRABAJO ADMINISTRATIVOS GES | G65: 201001A | H65: Escritorio simple 120x70 cm | I65: 3 | O65: 201003 | P65: Mesa Párvulo Inclusión | Q65: 2 | X65: 2 | Z65: =IFERROR(_xlfn.XLOOKUP(O65,Acumulado!$L$3:$L$19,Acumulado!$M$3:$M$19),"0") -> 2 | AB65: =+X65-Z65 -> 0 | AD65: =1-(AB65/X65) -> 1
B66: 2 | C66: 1 | D66: Consultas medicas generales | E66: C.1.2.2 | F66: MÓDULO DE TRABAJO ADMINISTRATIVOS GES | G66: 203016A | H66: Mueble Tipo Biblioteca M45_A | I66: 3 | O66: 203013 | P66: Juego Tenis de Mesa | Q66: 1 | R66: 1 | X66: 2 | Z66: =IFERROR(_xlfn.XLOOKUP(O66,Acumulado!$L$3:$L$19,Acumulado!$M$3:$M$19),"0") -> 0 | AB66: =+X66-Z66 -> 2 | AD66: =1-(AB66/X66) -> 0
B67: 2 | C67: 1 | D67: Consultas medicas generales | E67: C.1.2.2.1 | F67: MÓDULO DE TRABAJO ADMINISTRATIVOS MANTENCIÓN DE AGENDA | G67: 201001B | H67: Escritorio en L administrativo | I67: 2 | O67: 203005 | P67: Carro de Transporte cajas plásticas | Q67: 2 | X67: 2 | Z67: =IFERROR(_xlfn.XLOOKUP(O67,Acumulado!$L$3:$L$19,Acumulado!$M$3:$M$19),"0") -> 0 | AB67: =+X67-Z67 -> 2 | AD67: =1-(AB67/X67) -> 0
B68: 2 | C68: 1 | D68: Consultas medicas generales | E68: C.1.2.2.1 | F68: MÓDULO DE TRABAJO ADMINISTRATIVOS MANTENCIÓN DE AGENDA | G68: 203016A | H68: Mueble Tipo Biblioteca M45_A | I68: 2 | O68: 203012 | P68: Juego Taca - Taca | Q68: 1 | R68: 1 | X68: 2 | Z68: =IFERROR(_xlfn.XLOOKUP(O68,Acumulado!$L$3:$L$19,Acumulado!$M$3:$M$19),"0") -> 0 | AB68: =+X68-Z68 -> 2 | AD68: =1-(AB68/X68) -> 0
B69: 2 | C69: 1 | D69: Consultas medicas generales | E69: C.1.2.2.2 | F69: MÓDULO DE TRABAJO ADMINISTRATIVOS LISTA DE ESPERA | G69: 201001B | H69: Escritorio en L administrativo | I69: 2 | O69: 203020 | P69: Soporte de rollo doble | S69: 2 | X69: 2 | Z69: =IFERROR(_xlfn.XLOOKUP(O69,Acumulado!$L$3:$L$19,Acumulado!$M$3:$M$19),"0") -> 0 | AB69: =+X69-Z69 -> 2 | AD69: =1-(AB69/X69) -> 0
B70: 2 | C70: 1 | D70: Consultas medicas generales | E70: C.1.2.2.2 | F70: MÓDULO DE TRABAJO ADMINISTRATIVOS LISTA DE ESPERA | G70: 203016A | H70: Mueble Tipo Biblioteca M45_A | I70: 2 | O70: 203015 | P70: Mueble Arrimo | Q70: 1 | X70: 1 | Z70: =IFERROR(_xlfn.XLOOKUP(O70,Acumulado!$L$3:$L$19,Acumulado!$M$3:$M$19),"0") -> 0 | AB70: =+X70-Z70 -> 1 | AD70: =1-(AB70/X70) -> 0
B71: 2 | C71: 1 | D71: Consultas medicas generales | E71: D.1.1.1.1 | F71: OFICINA JEFE SOME | G71: 201008 | H71: Mesa Reuniones Tipo I | I71: 1 | O71: 203006 | P71: Carro de transporte pallet | Q71: 1 | X71: 1 | Z71: =IFERROR(_xlfn.XLOOKUP(O71,Acumulado!$L$3:$L$19,Acumulado!$M$3:$M$19),"0") -> 0 | AB71: =+X71-Z71 -> 1 | AD71: =1-(AB71/X71) -> 0
B72: 2 | C72: 1 | D72: Consultas medicas generales | E72: D.1.1.1.1 | F72: OFICINA JEFE SOME | G72: 201001B | H72: Escritorio en L administrativo | I72: 1 | O72: 203004 | P72: Carro de transporte alto | Q72: 1 | X72: 1 | Z72: =IFERROR(_xlfn.XLOOKUP(O72,Acumulado!$L$3:$L$19,Acumulado!$M$3:$M$19),"0") -> 0 | AB72: =+X72-Z72 -> 1 | AD72: =1-(AB72/X72) -> 0
B73: 2 | C73: 1 | D73: Consultas medicas generales | E73: D.1.1.1.1 | F73: OFICINA JEFE SOME | G73: 203016A | H73: Mueble Tipo Biblioteca M45_A | I73: 1 | O73: 203009 | P73: Carro plataforma de carga | Q73: 1 | X73: 1 | Z73: =IFERROR(_xlfn.XLOOKUP(O73,Acumulado!$L$3:$L$19,Acumulado!$M$3:$M$19),"0") -> 0 | AB73: =+X73-Z73 -> 1 | AD73: =1-(AB73/X73) -> 0
B74: 2 | C74: 1 | D74: Consultas medicas generales | E74: D.1.1.1.2 | F74: SECRETARIA C/ARCH. Y FOTO | G74: 201001B | H74: Escritorio en L administrativo | I74: 1 | O74: 201006 | P74: Mesa Plegable | Q74: 1 | X74: 1 | Z74: =IFERROR(_xlfn.XLOOKUP(O74,Acumulado!$L$3:$L$19,Acumulado!$M$3:$M$19),"0") -> 0 | AB74: =+X74-Z74 -> 1 | AD74: =1-(AB74/X74) -> 0
B75: 2 | C75: 1 | D75: Consultas medicas generales | E75: D.1.1.1.2 | F75: SECRETARIA C/ARCH. Y FOTO | G75: 203016A | H75: Mueble Tipo Biblioteca M45_A | I75: 1 | O75: 203011 | P75: Estación de órtesis metálica | Q75: 1 | X75: 1 | Z75: =IFERROR(_xlfn.XLOOKUP(O75,Acumulado!$L$3:$L$19,Acumulado!$M$3:$M$19),"0") -> 0 | AB75: =+X75-Z75 -> 1 | AD75: =1-(AB75/X75) -> 0
B76: 2 | C76: 1 | D76: Consultas medicas generales | E76: D.1.1.1.3 | F76: MODULOS DE TRABAJO (OPERADOR TELEFONICO) | G76: 201001A | H76: Escritorio simple 120x70 cm | I76: 2 | O76: 202003 | P76: Caja Fuerte Tipo II | S76: 1 | X76: 1 | Z76: =IFERROR(_xlfn.XLOOKUP(O76,Acumulado!$L$3:$L$19,Acumulado!$M$3:$M$19),"0") -> 0 | AB76: =+X76-Z76 -> 1 | AD76: =1-(AB76/X76) -> 0
B77: 2 | C77: 1 | D77: Consultas medicas generales | E77: D.1.1.1.3 | F77: MODULOS DE TRABAJO (OPERADOR TELEFONICO) | G77: 203016A | H77: Mueble Tipo Biblioteca M45_A | I77: 2 | O77: 202014 | P77: Pódium | S77: 1 | X77: 1 | Z77: =IFERROR(_xlfn.XLOOKUP(O77,Acumulado!$L$3:$L$19,Acumulado!$M$3:$M$19),"0") -> 0 | AB77: =+X77-Z77 -> 1 | AD77: =1-(AB77/X77) -> 0
B78: 2 | C78: 1 | D78: Consultas medicas generales | E78: D.2.2.2.6 | F78: COORDINADOR GENERAL RS | G78: 201001B | H78: Escritorio en L administrativo | I78: 1 | O78: 202007 | P78: Carro de Carga | R78: 1 | X78: 1 | Z78: =IFERROR(_xlfn.XLOOKUP(O78,Acumulado!$L$3:$L$19,Acumulado!$M$3:$M$19),"0") -> 0 | AB78: =+X78-Z78 -> 1 | AD78: =1-(AB78/X78) -> 0
B79: 2 | C79: 1 | D79: Consultas medicas generales | E79: D.2.2.2.6 | F79: COORDINADOR GENERAL RS | G79: 203016A | H79: Mueble Tipo Biblioteca M45_A | I79: 1 | O79: 203001 | P79: Adaptador de llaves | Q79: 1 | X79: 1 | Z79: =IFERROR(_xlfn.XLOOKUP(O79,Acumulado!$L$3:$L$19,Acumulado!$M$3:$M$19),"0") -> 0 | AB79: =+X79-Z79 -> 1 | AD79: =1-(AB79/X79) -> 0
B80: 2 | C80: 1 | D80: Consultas medicas generales | E80: D.2.2.4.1 | F80: MÓDULOS DE TRABAJO (operadores telefónicos) | G80: 201001B | H80: Escritorio en L administrativo | I80: 2 | O80: 203007 | P80: Carro dual dos ruedas | Q80: 1 | X80: 1 | Z80: =IFERROR(_xlfn.XLOOKUP(O80,Acumulado!$L$3:$L$19,Acumulado!$M$3:$M$19),"0") -> 0 | AB80: =+X80-Z80 -> 1 | AD80: =1-(AB80/X80) -> 0
B81: 2 | C81: 1 | D81: Consultas medicas generales | E81: D.2.2.4.1 | F81: MÓDULOS DE TRABAJO (operadores telefónicos) | G81: 203016A | H81: Mueble Tipo Biblioteca M45_A | I81: 2 | O81: 202005 | P81: Cama 1 Plaza | Q81: 1 | X81: 1 | Z81: =IFERROR(_xlfn.XLOOKUP(O81,Acumulado!$L$3:$L$19,Acumulado!$M$3:$M$19),"0") -> 0 | AB81: =+X81-Z81 -> 1 | AD81: =1-(AB81/X81) -> 0
B82: 2 | C82: 1 | D82: Consultas medicas generales | E82: D.2.2.4.3 | F82: ESTAR PERSONAL C/ KITCHENETTE | G82: 201011A | H82: Mesa Tipo Casino Circular | I82: 1 | O82: 204021 | P82: Podio Ecuménico | R82: 1 | X82: 1 | Z82: =IFERROR(_xlfn.XLOOKUP(O82,Acumulado!$L$3:$L$19,Acumulado!$M$3:$M$19),"0") -> 0 | AB82: =+X82-Z82 -> 1 | AD82: =1-(AB82/X82) -> 0
B83: 2 | C83: 1 | D83: Consultas medicas generales | E83: D.2.2.6.1 | F83: COORDINADOR SERVICIOS EXTERNALIZADOS | G83: 201001B | H83: Escritorio en L administrativo | I83: 1 | N83: =100%-AD83 -> 0.8168195 | O83: Total general | Q83: 1471 | R83: 1547 | S83: 855 | T83: 184 | U83: 137 | V83: 150 | W83: 127 | X83: 4471 | Z83: =SUM(Z3:Z82) -> 819 | AB83: =SUM(AB3:AB82) -> 3652 | AD83: =+Z83/X83 -> 0.1831805
B84: 2 | C84: 1 | D84: Consultas medicas generales | E84: D.2.2.6.1 | F84: COORDINADOR SERVICIOS EXTERNALIZADOS | G84: 203016A | H84: Mueble Tipo Biblioteca M45_A | I84: 1
B85: 2 | C85: 1 | D85: Consultas medicas generales | E85: D.2.2.6.13 | F85: MONITOREO VIGILANCIA | G85: 201001A | H85: Escritorio simple 120x70 cm | I85: 2
B86: 2 | C86: 1 | D86: Consultas medicas generales | E86: D.2.2.6.13 | F86: MONITOREO VIGILANCIA | G86: 203016A | H86: Mueble Tipo Biblioteca M45_A | I86: 2
B87: 2 | C87: 1 | D87: Consultas medicas generales | E87: D.2.2.6.7 | F87: ESTAR PERSONAL C/ KITCHENETTE | G87: 201011A | H87: Mesa Tipo Casino Circular | I87: 2
B88: 2 | C88: 1 | D88: Cuidados Paliativos | E88: C.2.4.1 | F88: OFICINA JEFE CUIDADOS PALIATIVOS | G88: 201008 | H88: Mesa Reuniones Tipo I | I88: 1
B89: 2 | C89: 1 | D89: Cuidados Paliativos | E89: C.2.4.1 | F89: OFICINA JEFE CUIDADOS PALIATIVOS | G89: 201001B | H89: Escritorio en L administrativo | I89: 1
B90: 2 | C90: 1 | D90: Cuidados Paliativos | E90: C.2.4.1 | F90: OFICINA JEFE CUIDADOS PALIATIVOS | G90: 203016A | H90: Mueble Tipo Biblioteca M45_A | I90: 1
B91: 2 | C91: 1 | D91: Cuidados Paliativos | E91: C.2.4.1.1 | F91: OFICINA ENFERMERA | G91: 201001B | H91: Escritorio en L administrativo | I91: 1
B92: 2 | C92: 1 | D92: Cuidados Paliativos | E92: C.2.4.1.1 | F92: OFICINA ENFERMERA | G92: 203016A | H92: Mueble Tipo Biblioteca M45_A | I92: 1
B93: 2 | C93: 1 | D93: Cuidados Paliativos | E93: C.2.4.17 | F93: SALA MULTIPROPÓSITO | G93: 201008 | H93: Mesa Reuniones Tipo I | I93: 1
B94: 2 | C94: 1 | D94: Cuidados Paliativos | E94: C.2.4.17 | F94: SALA MULTIPROPÓSITO | G94: 201001B | H94: Escritorio en L administrativo | I94: 1
B95: 2 | C95: 1 | D95: Cuidados Paliativos | E95: C.2.4.17 | F95: SALA MULTIPROPÓSITO | G95: 203016A | H95: Mueble Tipo Biblioteca M45_A | I95: 1
B96: 2 | C96: 1 | D96: Cuidados Paliativos | E96: C.2.4.5 | F96: BOX MÉDICO | G96: 201001C | H96: Escritorio de Consultas | I96: 1
B97: 2 | C97: 1 | D97: Cuidados Paliativos | E97: C.2.4.6.1 | F97: BOX MULTIPROPÓSITO (1) | G97: 201001C | H97: Escritorio de Consultas | I97: 1
B98: 2 | C98: 1 | D98: Cuidados Paliativos | E98: C.2.4.6.2 | F98: BOX MULTIPROPÓSITO (2) | G98: 201001C | H98: Escritorio de Consultas | I98: 1
B99: 2 | C99: 1 | D99: Imagenología | E99: C.5.3.12 | F99: SECRETARIA C/ARCHIVO, FOTOCOP. | G99: 201001B | H99: Escritorio en L administrativo | I99: 1
B100: 2 | C100: 1 | D100: Imagenología | E100: C.5.3.12 | F100: SECRETARIA C/ARCHIVO, FOTOCOP. | G100: 203016A | H100: Mueble Tipo Biblioteca M45_A | I100: 1
...
